,year,location,total_house,total_house_male,total_house_female,total_people,total_people_male,total_people_female,class_1_house,class_1_house_male,class_1_house_female,class_1_people,class_1_people_male,class_1_people_female,class_2_house,class_2_house_male,class_2_house_female,class_2_people,class_2_people_male,class_2_people_female,class_3_house,class_3_house_male,class_3_house_female,class_3_people,class_3_people_male,class_3_people_female,rate_of_house,rate_of_people
0,2016,全國,143635.0,88041.0,55594.0,328336.0,172097.0,156239.0,3583.0,2678.0,905.0,3703.0,2743.0,960.0,33204.0,22002.0,11202.0,56594.0,32828.0,23766.0,106848.0,63361.0,43487.0,268039.0,136526.0,131513.0,1.68,1.4
1,2016,新 北 市,19698.0,11654.0,8044.0,46559.0,23987.0,22572.0,76.0,59.0,17.0,79.0,60.0,19.0,1333.0,878.0,455.0,2494.0,1388.0,1106.0,18289.0,10717.0,7572.0,43986.0,22539.0,21447.0,1.29,1.17
2,2016,臺 北 市,20667.0,11692.0,8975.0,47331.0,23865.0,23466.0,2061.0,1546.0,515.0,2138.0,1586.0,552.0,5218.0,3168.0,2050.0,8553.0,4762.0,3791.0,13388.0,6978.0,6410.0,36640.0,17517.0,19123.0,1.97,1.76
3,2016,桃 園 市,7482.0,4217.0,3265.0,19372.0,9791.0,9581.0,45.0,38.0,7.0,49.0,40.0,9.0,1052.0,672.0,380.0,2162.0,1228.0,934.0,6385.0,3507.0,2878.0,17161.0,8523.0,8638.0,0.98,0.91
4,2016,臺 中 市,17852.0,10057.0,7795.0,44006.0,22067.0,21939.0,476.0,347.0,129.0,494.0,360.0,134.0,5202.0,3188.0,2014.0,10292.0,5582.0,4710.0,12174.0,6522.0,5652.0,33220.0,16125.0,17095.0,1.9,1.59
5,2016,臺 南 市,10129.0,6636.0,3493.0,22096.0,11901.0,10195.0,382.0,258.0,124.0,391.0,262.0,129.0,3061.0,2139.0,922.0,4367.0,2758.0,1609.0,6686.0,4239.0,2447.0,17338.0,8881.0,8457.0,1.5,1.17
6,2016,高 雄 市,20781.0,12828.0,7953.0,49240.0,25401.0,23839.0,113.0,82.0,31.0,117.0,85.0,32.0,8074.0,5305.0,2769.0,13333.0,7666.0,5667.0,12594.0,7441.0,5153.0,35790.0,17650.0,18140.0,1.92,1.77
7,2016,宜蘭縣,2622.0,1648.0,974.0,4996.0,2757.0,2239.0,16.0,15.0,1.0,17.0,15.0,2.0,278.0,212.0,66.0,439.0,284.0,155.0,2328.0,1421.0,907.0,4540.0,2458.0,2082.0,1.58,1.09
8,2016,新竹縣,1809.0,1213.0,596.0,4475.0,2431.0,2044.0,19.0,18.0,1.0,19.0,18.0,1.0,229.0,181.0,48.0,402.0,251.0,151.0,1561.0,1014.0,547.0,4054.0,2162.0,1892.0,0.97,0.82
9,2016,苗栗縣,3022.0,1973.0,1049.0,6588.0,3615.0,2973.0,4.0,4.0,0.0,4.0,4.0,0.0,1274.0,915.0,359.0,2191.0,1344.0,847.0,1744.0,1054.0,690.0,4393.0,2267.0,2126.0,1.63,1.18
10,2016,彰化縣,6168.0,4005.0,2163.0,10858.0,6087.0,4771.0,2.0,2.0,0.0,2.0,2.0,0.0,69.0,45.0,24.0,127.0,75.0,52.0,6097.0,3958.0,2139.0,10729.0,6010.0,4719.0,1.61,0.84
11,2016,南投縣,3164.0,2123.0,1041.0,6473.0,3614.0,2859.0,13.0,10.0,3.0,14.0,11.0,3.0,308.0,214.0,94.0,631.0,361.0,270.0,2843.0,1899.0,944.0,5828.0,3242.0,2586.0,1.78,1.28
12,2016,雲林縣,5563.0,3946.0,1617.0,12349.0,6843.0,5506.0,0.0,0.0,0.0,0.0,0.0,0.0,2613.0,1900.0,713.0,4362.0,2672.0,1690.0,2950.0,2046.0,904.0,7987.0,4171.0,3816.0,2.33,1.77
13,2016,嘉義縣,2058.0,1494.0,564.0,4033.0,2387.0,1646.0,10.0,8.0,2.0,10.0,8.0,2.0,256.0,195.0,61.0,338.0,226.0,112.0,1792.0,1291.0,501.0,3685.0,2153.0,1532.0,1.13,0.78
14,2016,屏東縣,7944.0,5361.0,2583.0,16443.0,9412.0,7031.0,71.0,50.0,21.0,71.0,50.0,21.0,1043.0,782.0,261.0,1335.0,925.0,410.0,6830.0,4529.0,2301.0,15037.0,8437.0,6600.0,2.78,1.96
15,2016,臺東縣,4345.0,2758.0,1587.0,10291.0,5584.0,4707.0,120.0,108.0,12.0,121.0,108.0,13.0,982.0,684.0,298.0,1917.0,1124.0,793.0,3243.0,1966.0,1277.0,8253.0,4352.0,3901.0,5.26,4.65
16,2016,花蓮縣,3503.0,2319.0,1184.0,7906.0,4454.0,3452.0,34.0,25.0,9.0,35.0,26.0,9.0,555.0,399.0,156.0,797.0,525.0,272.0,2914.0,1895.0,1019.0,7074.0,3903.0,3171.0,2.8,2.39
17,2016,澎湖縣,977.0,689.0,288.0,2001.0,1103.0,898.0,66.0,48.0,18.0,67.0,48.0,19.0,312.0,237.0,75.0,429.0,290.0,139.0,599.0,404.0,195.0,1505.0,765.0,740.0,2.5,1.94
18,2016,基隆市,2564.0,1471.0,1093.0,6213.0,3096.0,3117.0,11.0,9.0,2.0,11.0,9.0,2.0,445.0,292.0,153.0,862.0,471.0,391.0,2108.0,1170.0,938.0,5340.0,2616.0,2724.0,1.69,1.67
19,2016,新竹市,1639.0,953.0,686.0,3754.0,1940.0,1814.0,30.0,22.0,8.0,30.0,22.0,8.0,484.0,312.0,172.0,935.0,515.0,420.0,1125.0,619.0,506.0,2789.0,1403.0,1386.0,1.03,0.86
20,2016,嘉義市,1297.0,788.0,509.0,2617.0,1378.0,1239.0,21.0,18.0,3.0,21.0,18.0,3.0,318.0,224.0,94.0,437.0,274.0,163.0,958.0,546.0,412.0,2159.0,1086.0,1073.0,1.31,0.97
21,2016,金門縣,294.0,177.0,117.0,600.0,311.0,289.0,0.0,0.0,0.0,0.0,0.0,0.0,85.0,52.0,33.0,166.0,93.0,73.0,209.0,125.0,84.0,434.0,218.0,216.0,0.75,0.45
22,2016,連江縣,57.0,39.0,18.0,135.0,73.0,62.0,13.0,11.0,2.0,13.0,11.0,2.0,13.0,8.0,5.0,25.0,14.0,11.0,31.0,20.0,11.0,97.0,48.0,49.0,2.16,1.07
23,2015,全國,146379.0,89167.0,57212.0,342490.0,178253.0,164237.0,3902.0,2910.0,992.0,4032.0,2979.0,1053.0,32662.0,21380.0,11282.0,57917.0,33107.0,24810.0,109815.0,64877.0,44938.0,280541.0,142167.0,138374.0,1.73,1.46
24,2015,新 北 市,21988.0,12803.0,9185.0,53789.0,27316.0,26473.0,87.0,66.0,21.0,92.0,68.0,24.0,1491.0,954.0,537.0,2924.0,1595.0,1329.0,20410.0,11783.0,8627.0,50773.0,25653.0,25120.0,1.46,1.35
25,2015,臺 北 市,20945.0,11832.0,9113.0,48594.0,24403.0,24191.0,2167.0,1625.0,542.0,2247.0,1665.0,582.0,5124.0,3062.0,2062.0,8882.0,4857.0,4025.0,13654.0,7145.0,6509.0,37465.0,17881.0,19584.0,2.01,1.8
26,2015,桃 園 市,6927.0,3880.0,3047.0,17963.0,9070.0,8893.0,41.0,35.0,6.0,44.0,37.0,7.0,922.0,566.0,356.0,1900.0,1052.0,848.0,5964.0,3279.0,2685.0,16019.0,7981.0,8038.0,0.92,0.85
27,2015,臺 中 市,16086.0,9033.0,7053.0,40247.0,20116.0,20131.0,523.0,385.0,138.0,541.0,397.0,144.0,4322.0,2645.0,1677.0,8716.0,4725.0,3991.0,11241.0,6003.0,5238.0,30990.0,14994.0,15996.0,1.73,1.47
28,2015,臺 南 市,10203.0,6614.0,3589.0,22843.0,12180.0,10663.0,491.0,329.0,162.0,499.0,332.0,167.0,3101.0,2152.0,949.0,4591.0,2850.0,1741.0,6611.0,4133.0,2478.0,17753.0,8998.0,8755.0,1.52,1.21
29,2015,高 雄 市,22811.0,14002.0,8809.0,55256.0,28347.0,26909.0,132.0,99.0,33.0,136.0,102.0,34.0,8567.0,5543.0,3024.0,14901.0,8403.0,6498.0,14112.0,8360.0,5752.0,40219.0,19842.0,20377.0,2.13,1.99
30,2015,宜蘭縣,2670.0,1662.0,1008.0,5212.0,2842.0,2370.0,17.0,14.0,3.0,18.0,14.0,4.0,293.0,221.0,72.0,468.0,306.0,162.0,2360.0,1427.0,933.0,4726.0,2522.0,2204.0,1.62,1.14
31,2015,新竹縣,1846.0,1223.0,623.0,4703.0,2550.0,2153.0,25.0,24.0,1.0,25.0,24.0,1.0,264.0,204.0,60.0,487.0,302.0,185.0,1557.0,995.0,562.0,4191.0,2224.0,1967.0,1.01,0.87
32,2015,苗栗縣,3099.0,2013.0,1086.0,7054.0,3820.0,3234.0,7.0,7.0,0.0,7.0,7.0,0.0,1257.0,885.0,372.0,2243.0,1347.0,896.0,1835.0,1121.0,714.0,4804.0,2466.0,2338.0,1.68,1.25
33,2015,彰化縣,6069.0,3923.0,2146.0,10879.0,6043.0,4836.0,2.0,2.0,0.0,2.0,2.0,0.0,73.0,46.0,27.0,146.0,85.0,61.0,5994.0,3875.0,2119.0,10731.0,5956.0,4775.0,1.59,0.84
34,2015,南投縣,3699.0,2395.0,1304.0,7821.0,4274.0,3547.0,14.0,11.0,3.0,17.0,13.0,4.0,265.0,160.0,105.0,550.0,287.0,263.0,3420.0,2224.0,1196.0,7254.0,3974.0,3280.0,2.09,1.54
35,2015,雲林縣,5299.0,3805.0,1494.0,12463.0,6860.0,5603.0,0.0,0.0,0.0,0.0,0.0,0.0,2372.0,1771.0,601.0,4283.0,2592.0,1691.0,2927.0,2034.0,893.0,8180.0,4268.0,3912.0,2.22,1.78
36,2015,嘉義縣,2018.0,1468.0,550.0,4001.0,2352.0,1649.0,14.0,12.0,2.0,14.0,12.0,2.0,247.0,192.0,55.0,324.0,222.0,102.0,1757.0,1264.0,493.0,3663.0,2118.0,1545.0,1.11,0.77
37,2015,屏東縣,7924.0,5333.0,2591.0,16795.0,9536.0,7259.0,65.0,49.0,16.0,65.0,49.0,16.0,1019.0,747.0,272.0,1333.0,906.0,427.0,6840.0,4537.0,2303.0,15397.0,8581.0,6816.0,2.79,2.0
38,2015,臺東縣,4649.0,2898.0,1751.0,11531.0,6176.0,5355.0,143.0,121.0,22.0,147.0,123.0,24.0,1125.0,748.0,377.0,2378.0,1363.0,1015.0,3381.0,2029.0,1352.0,9006.0,4690.0,4316.0,5.65,5.18
39,2015,花蓮縣,3352.0,2210.0,1142.0,7771.0,4348.0,3423.0,31.0,24.0,7.0,32.0,25.0,7.0,560.0,388.0,172.0,873.0,558.0,315.0,2761.0,1798.0,963.0,6866.0,3765.0,3101.0,2.68,2.34
40,2015,澎湖縣,1007.0,702.0,305.0,2113.0,1166.0,947.0,62.0,45.0,17.0,63.0,45.0,18.0,320.0,241.0,79.0,437.0,290.0,147.0,625.0,416.0,209.0,1613.0,831.0,782.0,2.61,2.07
41,2015,基隆市,2469.0,1409.0,1060.0,6060.0,3019.0,3041.0,8.0,6.0,2.0,9.0,7.0,2.0,408.0,267.0,141.0,788.0,420.0,368.0,2053.0,1136.0,917.0,5263.0,2592.0,2671.0,1.64,1.63
42,2015,新竹市,1646.0,936.0,710.0,3854.0,1965.0,1889.0,38.0,27.0,11.0,38.0,27.0,11.0,490.0,295.0,195.0,978.0,525.0,453.0,1118.0,614.0,504.0,2838.0,1413.0,1425.0,1.04,0.89
43,2015,嘉義市,1311.0,819.0,492.0,2732.0,1457.0,1275.0,24.0,20.0,4.0,25.0,21.0,4.0,344.0,241.0,103.0,511.0,323.0,188.0,943.0,558.0,385.0,2196.0,1113.0,1083.0,1.33,1.01
44,2015,金門縣,304.0,171.0,133.0,653.0,332.0,321.0,0.0,0.0,0.0,0.0,0.0,0.0,85.0,47.0,38.0,176.0,87.0,89.0,219.0,124.0,95.0,477.0,245.0,232.0,0.79,0.49
45,2015,連江縣,57.0,36.0,21.0,156.0,81.0,75.0,11.0,9.0,2.0,11.0,9.0,2.0,13.0,5.0,8.0,28.0,12.0,16.0,33.0,22.0,11.0,117.0,60.0,57.0,2.24,1.24
46,2014,全國,149958.0,90573.0,59385.0,357722.0,185438.0,172284.0,4243.0,3178.0,1065.0,4389.0,3252.0,1137.0,33053.0,21175.0,11878.0,61779.0,34572.0,27207.0,112662.0,66220.0,46442.0,291554.0,147614.0,143940.0,1.7888987783051737,1.53
47,2014,新 北 市,23111.0,13305.0,9806.0,57197.0,28722.0,28475.0,106.0,82.0,24.0,113.0,85.0,28.0,1765.0,1103.0,662.0,3507.0,1889.0,1618.0,21240.0,12120.0,9120.0,53577.0,26748.0,26829.0,1.5438024125294418,1.44
48,2014,臺 北 市,21204.0,11962.0,9242.0,50021.0,25033.0,24988.0,2318.0,1758.0,560.0,2404.0,1800.0,604.0,5006.0,2972.0,2034.0,9111.0,4932.0,4179.0,13880.0,7232.0,6648.0,38506.0,18301.0,20205.0,2.0439521034276007,1.85
49,2014,臺 中 市,15673.0,8694.0,6979.0,40408.0,20006.0,20402.0,495.0,362.0,133.0,515.0,373.0,142.0,4192.0,2501.0,1691.0,9062.0,4814.0,4248.0,10986.0,5831.0,5155.0,30831.0,14819.0,16012.0,1.7179561659751947,1.49
50,2014,臺 南 市,10942.0,7031.0,3911.0,25455.0,13359.0,12096.0,573.0,383.0,190.0,585.0,388.0,197.0,3292.0,2240.0,1052.0,5217.0,3119.0,2098.0,7077.0,4408.0,2669.0,19653.0,9852.0,9801.0,1.6379920750045283,1.35
51,2014,高 雄 市,24205.0,14686.0,9519.0,59301.0,30275.0,29026.0,180.0,132.0,48.0,187.0,137.0,50.0,8983.0,5674.0,3309.0,16739.0,9257.0,7482.0,15042.0,8880.0,6162.0,42375.0,20881.0,21494.0,2.273480816067371,2.13
52,2014,宜蘭縣,3107.0,1884.0,1223.0,6623.0,3508.0,3115.0,24.0,20.0,4.0,25.0,20.0,5.0,360.0,248.0,112.0,669.0,397.0,272.0,2723.0,1616.0,1107.0,5929.0,3091.0,2838.0,1.9076329878677734,1.44
53,2014,桃園縣,6213.0,3444.0,2769.0,17361.0,9521.0,7840.0,43.0,37.0,6.0,46.0,39.0,7.0,759.0,460.0,299.0,1611.0,882.0,729.0,5411.0,2947.0,2464.0,15704.0,8600.0,7104.0,0.8476079257411964,0.84
54,2014,新竹縣,1976.0,1272.0,704.0,5196.0,2712.0,2484.0,37.0,35.0,2.0,37.0,35.0,2.0,322.0,232.0,90.0,664.0,386.0,278.0,1617.0,1005.0,612.0,4495.0,2291.0,2204.0,1.1030047949449335,0.97
55,2014,苗栗縣,3241.0,2068.0,1173.0,7568.0,4062.0,3506.0,6.0,6.0,0.0,6.0,6.0,0.0,1315.0,905.0,410.0,2467.0,1451.0,1016.0,1920.0,1157.0,763.0,5095.0,2605.0,2490.0,1.769839016185754,1.33
56,2014,彰化縣,5827.0,3760.0,2067.0,10626.0,5894.0,4732.0,2.0,2.0,0.0,2.0,2.0,0.0,75.0,48.0,27.0,157.0,92.0,65.0,5750.0,3710.0,2040.0,10467.0,5800.0,4667.0,1.5390060244941512,0.82
57,2014,南投縣,3852.0,2453.0,1399.0,8220.0,4429.0,3791.0,10.0,9.0,1.0,10.0,9.0,1.0,199.0,144.0,55.0,330.0,209.0,121.0,3643.0,2300.0,1343.0,7880.0,4211.0,3669.0,2.1868967866469853,1.6
58,2014,雲林縣,5850.0,4046.0,1804.0,12505.0,6904.0,5601.0,0.0,0.0,0.0,0.0,0.0,0.0,2393.0,1726.0,667.0,3863.0,2354.0,1509.0,3457.0,2320.0,1137.0,8642.0,4550.0,4092.0,2.4608162338154007,1.77
59,2014,嘉義縣,1916.0,1390.0,526.0,3861.0,2251.0,1610.0,17.0,12.0,5.0,17.0,12.0,5.0,235.0,186.0,49.0,323.0,224.0,99.0,1664.0,1192.0,472.0,3521.0,2015.0,1506.0,1.0568119139547711,0.74
60,2014,屏東縣,7662.0,5191.0,2471.0,16779.0,9492.0,7287.0,47.0,35.0,12.0,47.0,35.0,12.0,821.0,616.0,205.0,1165.0,787.0,378.0,6794.0,4540.0,2254.0,15567.0,8670.0,6897.0,2.7058811065083113,1.98
61,2014,臺東縣,5266.0,3251.0,2015.0,13629.0,7242.0,6387.0,214.0,176.0,38.0,220.0,179.0,41.0,1397.0,903.0,494.0,3346.0,1822.0,1524.0,3655.0,2172.0,1483.0,10063.0,5241.0,4822.0,6.416161025416088,6.07
62,2014,花蓮縣,3154.0,2070.0,1084.0,7437.0,4139.0,3298.0,3.0,2.0,1.0,3.0,2.0,1.0,148.0,81.0,67.0,298.0,161.0,137.0,3003.0,1987.0,1016.0,7136.0,3976.0,3160.0,2.5385736017320895,2.23
63,2014,澎湖縣,1208.0,836.0,372.0,2712.0,1449.0,1263.0,83.0,62.0,21.0,84.0,62.0,22.0,419.0,292.0,127.0,664.0,396.0,268.0,706.0,482.0,224.0,1964.0,991.0,973.0,3.185906057968721,2.67
64,2014,基隆市,2365.0,1377.0,988.0,5616.0,2770.0,2846.0,8.0,6.0,2.0,9.0,7.0,2.0,437.0,264.0,173.0,834.0,431.0,403.0,1920.0,1107.0,813.0,4773.0,2332.0,2441.0,1.5715121069558513,1.51
65,2014,新竹市,1608.0,897.0,711.0,3891.0,1958.0,1933.0,39.0,28.0,11.0,40.0,29.0,11.0,495.0,300.0,195.0,1027.0,560.0,467.0,1074.0,569.0,505.0,2824.0,1369.0,1455.0,1.0364898574826447,0.9
66,2014,嘉義市,1238.0,756.0,482.0,2589.0,1342.0,1247.0,28.0,23.0,5.0,29.0,24.0,5.0,343.0,230.0,113.0,517.0,304.0,213.0,867.0,503.0,364.0,2043.0,1014.0,1029.0,1.2597175302210102,0.96
67,2014,金門縣,292.0,170.0,122.0,612.0,311.0,301.0,0.0,0.0,0.0,0.0,0.0,0.0,78.0,41.0,37.0,165.0,84.0,81.0,214.0,129.0,85.0,447.0,227.0,220.0,0.7769263516389954,0.48
68,2014,連江縣,48.0,30.0,18.0,115.0,59.0,56.0,10.0,8.0,2.0,10.0,8.0,2.0,19.0,9.0,10.0,43.0,21.0,22.0,19.0,13.0,6.0,62.0,30.0,32.0,1.9401778496362168,0.92
69,2013,全國,148590.0,88492.0,60098.0,361765.0,186087.0,175678.0,4520.0,3407.0,1113.0,4698.0,3499.0,1199.0,32656.0,20595.0,12061.0,64022.0,35199.0,28823.0,111414.0,64490.0,46924.0,293045.0,147389.0,145656.0,1.7932094817203417,1.5477559496074125
70,2013,新 北 市,24215.0,13808.0,10407.0,61349.0,31109.0,30240.0,129.0,93.0,36.0,133.0,93.0,40.0,2116.0,1296.0,820.0,4594.0,2420.0,2174.0,21970.0,12419.0,9551.0,56622.0,28596.0,28026.0,1.6385211830373305,1.551203574071747
71,2013,臺 北 市,21066.0,11454.0,9612.0,50649.0,25282.0,25367.0,2415.0,1859.0,556.0,2515.0,1912.0,603.0,4829.0,2781.0,2048.0,9190.0,4903.0,4287.0,13822.0,6814.0,7008.0,38944.0,18467.0,20477.0,2.0517405608831076,1.885304237905153
72,2013,臺 中 市,14783.0,8103.0,6680.0,38708.0,19001.0,19707.0,403.0,281.0,122.0,420.0,289.0,131.0,3680.0,2147.0,1533.0,8385.0,4367.0,4018.0,10700.0,5675.0,5025.0,29903.0,14345.0,15558.0,1.6476982047300965,1.4327482241480334
73,2013,臺 南 市,10921.0,6932.0,3989.0,26078.0,13620.0,12458.0,602.0,405.0,197.0,624.0,416.0,208.0,3292.0,2203.0,1089.0,5620.0,3262.0,2358.0,7027.0,4324.0,2703.0,19834.0,9942.0,9892.0,1.64688425062318,1.3847647206256557
74,2013,高 雄 市,24208.0,14581.0,9627.0,59985.0,30533.0,29452.0,213.0,157.0,56.0,220.0,161.0,59.0,8782.0,5541.0,3241.0,16821.0,9223.0,7598.0,15213.0,8883.0,6330.0,42944.0,21149.0,21795.0,2.291510676141425,2.1578292852525487
75,2013,宜蘭縣,3104.0,1860.0,1244.0,7027.0,3667.0,3360.0,26.0,22.0,4.0,27.0,22.0,5.0,402.0,270.0,132.0,792.0,457.0,335.0,2676.0,1568.0,1108.0,6208.0,3188.0,3020.0,1.92935238651691,1.532753415813077
76,2013,桃園縣,5858.0,3234.0,2624.0,15568.0,7813.0,7755.0,52.0,43.0,9.0,55.0,45.0,10.0,713.0,430.0,283.0,1563.0,852.0,711.0,5093.0,2761.0,2332.0,13950.0,6916.0,7034.0,0.8174919269532308,0.7616352653566032
77,2013,新竹縣,2033.0,1305.0,728.0,5580.0,2875.0,2705.0,44.0,41.0,3.0,44.0,41.0,3.0,406.0,270.0,136.0,923.0,509.0,414.0,1583.0,994.0,589.0,4613.0,2325.0,2288.0,1.162803999176371,1.0518656477268016
78,2013,苗栗縣,3196.0,1998.0,1198.0,7711.0,4113.0,3598.0,9.0,9.0,0.0,9.0,9.0,0.0,1304.0,881.0,423.0,2526.0,1452.0,1074.0,1883.0,1108.0,775.0,5176.0,2652.0,2524.0,1.7665656989984302,1.3634418640837127
79,2013,彰化縣,5794.0,3750.0,2044.0,10557.0,5880.0,4677.0,3.0,3.0,0.0,3.0,3.0,0.0,85.0,55.0,30.0,173.0,95.0,78.0,5706.0,3692.0,2014.0,10381.0,5782.0,4599.0,1.5412033835186465,0.8145751624405002
80,2013,南投縣,3875.0,2448.0,1427.0,8486.0,4518.0,3968.0,12.0,9.0,3.0,12.0,9.0,3.0,216.0,160.0,56.0,373.0,229.0,144.0,3647.0,2279.0,1368.0,8101.0,4280.0,3821.0,2.2085812643914005,1.6406881377822289
81,2013,雲林縣,5173.0,3519.0,1654.0,12108.0,6548.0,5560.0,0.0,0.0,0.0,0.0,0.0,0.0,2351.0,1619.0,732.0,3843.0,2277.0,1566.0,2822.0,1900.0,922.0,8265.0,4271.0,3994.0,2.186094864599885,1.7106720618486786
82,2013,嘉義縣,1885.0,1337.0,548.0,3850.0,2214.0,1636.0,20.0,16.0,4.0,21.0,16.0,5.0,217.0,169.0,48.0,285.0,197.0,88.0,1648.0,1152.0,496.0,3544.0,2001.0,1543.0,1.0434426411000155,0.7274733621929259
83,2013,屏東縣,7559.0,5117.0,2442.0,16934.0,9495.0,7439.0,42.0,32.0,10.0,42.0,32.0,10.0,714.0,532.0,182.0,1025.0,678.0,347.0,6803.0,4553.0,2250.0,15867.0,8785.0,7082.0,2.6787201394819746,1.9868917241395492
84,2013,臺東縣,5301.0,3219.0,2082.0,14142.0,7456.0,6686.0,339.0,274.0,65.0,357.0,285.0,72.0,1585.0,1006.0,579.0,4043.0,2199.0,1844.0,3377.0,1939.0,1438.0,9742.0,4972.0,4770.0,6.481549409434377,6.290337646394242
85,2013,花蓮縣,2928.0,1927.0,1001.0,6728.0,3733.0,2995.0,1.0,0.0,1.0,1.0,0.0,1.0,98.0,55.0,43.0,205.0,108.0,97.0,2829.0,1872.0,957.0,6522.0,3625.0,2897.0,2.3720025923525596,2.0149926474331905
86,2013,澎湖縣,1347.0,912.0,435.0,3150.0,1663.0,1487.0,110.0,82.0,28.0,114.0,84.0,30.0,450.0,314.0,136.0,783.0,455.0,328.0,787.0,516.0,271.0,2253.0,1124.0,1129.0,3.625743586982854,3.137450199203187
87,2013,基隆市,2288.0,1233.0,1055.0,6105.0,2962.0,3143.0,9.0,7.0,2.0,10.0,8.0,2.0,475.0,288.0,187.0,998.0,516.0,482.0,1804.0,938.0,866.0,5097.0,2438.0,2659.0,1.528614759684122,1.6283734403089776
88,2013,新竹市,1549.0,850.0,699.0,3876.0,1894.0,1982.0,42.0,32.0,10.0,42.0,32.0,10.0,534.0,309.0,225.0,1179.0,602.0,577.0,973.0,509.0,464.0,2655.0,1260.0,1395.0,1.0179872899456504,0.904586646378036
89,2013,嘉義市,1171.0,716.0,455.0,2443.0,1353.0,1090.0,37.0,32.0,5.0,37.0,32.0,5.0,308.0,214.0,94.0,470.0,285.0,185.0,826.0,470.0,356.0,1936.0,1036.0,900.0,1.199266716508096,0.9019020053752327
90,2013,金門縣,289.0,159.0,130.0,621.0,300.0,321.0,0.0,0.0,0.0,0.0,0.0,0.0,81.0,46.0,35.0,184.0,92.0,92.0,208.0,113.0,95.0,437.0,208.0,229.0,0.7905246457683681,0.5144433491007596
91,2013,連江縣,47.0,30.0,17.0,110.0,58.0,52.0,12.0,10.0,2.0,12.0,10.0,2.0,18.0,9.0,9.0,47.0,21.0,26.0,17.0,11.0,6.0,51.0,27.0,24.0,1.9397441188609161,0.9042334566378956
92,2012,全國,145613.0,86274.0,59339.0,357446.0,182335.0,175111.0,4364.0,3282.0,1082.0,4582.0,3382.0,1200.0,31095.0,19257.0,11838.0,63984.0,34394.0,29590.0,110154.0,63735.0,46419.0,288880.0,144559.0,144321.0,1.78,1.53
93,2012,新 北 市,23672.0,13393.0,10279.0,61085.0,30409.0,30676.0,160.0,114.0,46.0,174.0,113.0,61.0,2341.0,1410.0,931.0,5187.0,2717.0,2470.0,21171.0,11869.0,9302.0,55724.0,27579.0,28145.0,1.62,1.55
94,2012,臺 北 市,21001.0,11424.0,9577.0,51282.0,25517.0,25765.0,2536.0,1938.0,598.0,2656.0,1997.0,659.0,4614.0,2621.0,1993.0,9147.0,4782.0,4365.0,13851.0,6865.0,6986.0,39479.0,18738.0,20741.0,2.06,1.92
95,2012,臺 中 市,11633.0,6359.0,5274.0,30645.0,15007.0,15638.0,162.0,118.0,44.0,168.0,121.0,47.0,2150.0,1191.0,959.0,5032.0,2539.0,2493.0,9321.0,5050.0,4271.0,25445.0,12347.0,13098.0,1.32,1.14
96,2012,臺 南 市,10952.0,6814.0,4138.0,26229.0,13477.0,12752.0,511.0,340.0,171.0,542.0,353.0,189.0,3060.0,1978.0,1082.0,5659.0,3150.0,2509.0,7381.0,4496.0,2885.0,20028.0,9974.0,10054.0,1.67,1.39
97,2012,高 雄 市,24148.0,14231.0,9917.0,59935.0,30192.0,29743.0,262.0,197.0,65.0,277.0,204.0,73.0,8912.0,5455.0,3457.0,18127.0,9634.0,8493.0,14974.0,8579.0,6395.0,41531.0,20354.0,21177.0,2.31,2.16
98,2012,宜蘭縣,3170.0,1872.0,1298.0,7391.0,3786.0,3605.0,29.0,25.0,4.0,30.0,25.0,5.0,451.0,290.0,161.0,957.0,538.0,419.0,2690.0,1557.0,1133.0,6404.0,3223.0,3181.0,1.99,1.61
99,2012,桃園縣,5643.0,3082.0,2561.0,15185.0,7543.0,7642.0,53.0,42.0,11.0,54.0,43.0,11.0,692.0,413.0,279.0,1519.0,818.0,701.0,4898.0,2627.0,2271.0,13612.0,6682.0,6930.0,0.8,0.75
100,2012,新竹縣,2079.0,1319.0,760.0,5650.0,2879.0,2771.0,54.0,51.0,3.0,54.0,51.0,3.0,415.0,268.0,147.0,978.0,509.0,469.0,1610.0,1000.0,610.0,4618.0,2319.0,2299.0,1.22,1.08
101,2012,苗栗縣,3146.0,1965.0,1181.0,7887.0,4175.0,3712.0,10.0,10.0,0.0,10.0,10.0,0.0,1321.0,873.0,448.0,2818.0,1569.0,1249.0,1815.0,1082.0,733.0,5059.0,2596.0,2463.0,1.76,1.4
102,2012,彰化縣,5643.0,3682.0,1961.0,10329.0,5785.0,4544.0,3.0,2.0,1.0,3.0,2.0,1.0,102.0,64.0,38.0,207.0,109.0,98.0,5538.0,3616.0,1922.0,10119.0,5674.0,4445.0,1.52,0.79
103,2012,南投縣,3879.0,2449.0,1430.0,8780.0,4623.0,4157.0,14.0,11.0,3.0,14.0,11.0,3.0,234.0,170.0,64.0,411.0,249.0,162.0,3631.0,2268.0,1363.0,8355.0,4363.0,3992.0,2.22,1.69
104,2012,雲林縣,5237.0,3666.0,1571.0,12292.0,6617.0,5675.0,0.0,0.0,0.0,0.0,0.0,0.0,2155.0,1571.0,584.0,3838.0,2273.0,1565.0,3082.0,2095.0,987.0,8454.0,4344.0,4110.0,2.23,1.73
105,2012,嘉義縣,1806.0,1268.0,538.0,3753.0,2128.0,1625.0,17.0,13.0,4.0,18.0,13.0,5.0,174.0,132.0,42.0,233.0,158.0,75.0,1615.0,1123.0,492.0,3502.0,1957.0,1545.0,1.01,0.7
106,2012,屏東縣,8165.0,5499.0,2666.0,19102.0,10482.0,8620.0,50.0,37.0,13.0,50.0,37.0,13.0,815.0,603.0,212.0,1305.0,823.0,482.0,7300.0,4859.0,2441.0,17747.0,9622.0,8125.0,2.91,2.23
107,2012,臺東縣,4776.0,2978.0,1798.0,13816.0,7276.0,6540.0,258.0,201.0,57.0,268.0,206.0,62.0,1479.0,922.0,557.0,4187.0,2228.0,1959.0,3039.0,1855.0,1184.0,9361.0,4842.0,4519.0,5.87,6.11
108,2012,花蓮縣,2820.0,1824.0,996.0,7006.0,3775.0,3231.0,2.0,1.0,1.0,2.0,1.0,1.0,75.0,47.0,28.0,162.0,89.0,73.0,2743.0,1776.0,967.0,6842.0,3685.0,3157.0,2.3,2.09
109,2012,澎湖縣,1483.0,974.0,509.0,3826.0,1980.0,1846.0,129.0,93.0,36.0,141.0,98.0,43.0,534.0,345.0,189.0,1097.0,590.0,507.0,820.0,536.0,284.0,2588.0,1292.0,1296.0,4.1,3.87
110,2012,基隆市,3165.0,1662.0,1503.0,5568.0,2682.0,2886.0,11.0,8.0,3.0,14.0,12.0,2.0,551.0,303.0,248.0,924.0,465.0,459.0,2603.0,1351.0,1252.0,4630.0,2205.0,2425.0,2.13,1.48
111,2012,新竹市,1594.0,860.0,734.0,4131.0,1994.0,2137.0,52.0,39.0,13.0,55.0,42.0,13.0,573.0,326.0,247.0,1389.0,700.0,689.0,969.0,495.0,474.0,2687.0,1252.0,1435.0,1.07,0.97
112,2012,嘉義市,1252.0,763.0,489.0,2757.0,1621.0,1136.0,41.0,34.0,7.0,42.0,35.0,7.0,328.0,213.0,115.0,511.0,316.0,195.0,883.0,516.0,367.0,2204.0,1270.0,934.0,1.29,1.02
113,2012,金門縣,296.0,156.0,140.0,673.0,322.0,351.0,0.0,0.0,0.0,0.0,0.0,0.0,99.0,51.0,48.0,241.0,114.0,127.0,197.0,105.0,92.0,432.0,208.0,224.0,0.84,0.59
114,2012,連江縣,53.0,34.0,19.0,124.0,65.0,59.0,10.0,8.0,2.0,10.0,8.0,2.0,20.0,11.0,9.0,55.0,24.0,31.0,23.0,15.0,8.0,59.0,33.0,26.0,2.29,1.1
115,2011,全國,128237.0,74638.0,53599.0,314282.0,160644.0,153638.0,4253.0,3209.0,1044.0,4482.0,3320.0,1162.0,26999.0,16349.0,10650.0,56295.0,29479.0,26816.0,96985.0,55080.0,41905.0,253505.0,127845.0,125660.0,1.59,1.35
116,2011,新 北 市,19213.0,10765.0,8448.0,49389.0,24343.0,25046.0,171.0,117.0,54.0,186.0,122.0,64.0,2394.0,1426.0,968.0,5436.0,2822.0,2614.0,16648.0,9222.0,7426.0,43767.0,21399.0,22368.0,1.34,1.26
117,2011,臺 北 市,19427.0,10575.0,8852.0,47597.0,24640.0,22957.0,2572.0,1997.0,575.0,2679.0,2066.0,613.0,4148.0,2339.0,1809.0,8457.0,4143.0,4314.0,12707.0,6239.0,6468.0,36461.0,18431.0,18030.0,1.94,1.8
118,2011,臺 中 市,8319.0,4366.0,3953.0,21217.0,10237.0,10980.0,106.0,81.0,25.0,107.0,81.0,26.0,1053.0,527.0,526.0,2516.0,1182.0,1334.0,7160.0,3758.0,3402.0,18594.0,8974.0,9620.0,0.96,0.8
119,2011,臺 南 市,9621.0,5364.0,4257.0,23771.0,12171.0,11600.0,394.0,259.0,135.0,431.0,274.0,157.0,2164.0,1283.0,881.0,4529.0,2396.0,2133.0,7063.0,3822.0,3241.0,18811.0,9501.0,9310.0,1.48,1.27
120,2011,高 雄 市,20957.0,11870.0,9087.0,50426.0,25233.0,25193.0,285.0,202.0,83.0,307.0,211.0,96.0,7950.0,4628.0,3322.0,15903.0,8323.0,7580.0,12722.0,7040.0,5682.0,34216.0,16699.0,17517.0,2.02,1.82
121,2011,宜蘭縣,3072.0,1844.0,1228.0,7373.0,3767.0,3606.0,33.0,26.0,7.0,35.0,27.0,8.0,584.0,387.0,197.0,1310.0,740.0,570.0,2455.0,1431.0,1024.0,6028.0,3000.0,3028.0,1.96,1.61
122,2011,桃園縣,5104.0,2691.0,2413.0,13676.0,6805.0,6871.0,65.0,51.0,14.0,68.0,52.0,16.0,701.0,425.0,276.0,1615.0,852.0,763.0,4338.0,2215.0,2123.0,11993.0,5901.0,6092.0,0.74,0.68
123,2011,新竹縣,1896.0,1153.0,743.0,5097.0,2634.0,2463.0,54.0,51.0,3.0,55.0,52.0,3.0,465.0,278.0,187.0,1087.0,547.0,540.0,1377.0,824.0,553.0,3955.0,2035.0,1920.0,1.15,0.98
124,2011,苗栗縣,2748.0,1695.0,1053.0,6691.0,3507.0,3184.0,13.0,13.0,0.0,14.0,13.0,1.0,900.0,606.0,294.0,1930.0,1096.0,834.0,1835.0,1076.0,759.0,4747.0,2398.0,2349.0,1.57,1.19
125,2011,彰化縣,5449.0,3545.0,1904.0,9897.0,5515.0,4382.0,2.0,2.0,0.0,2.0,2.0,0.0,129.0,76.0,53.0,286.0,144.0,142.0,5318.0,3467.0,1851.0,9609.0,5369.0,4240.0,1.48,0.76
126,2011,南投縣,3808.0,2399.0,1409.0,8777.0,4620.0,4157.0,19.0,16.0,3.0,19.0,16.0,3.0,242.0,178.0,64.0,453.0,267.0,186.0,3547.0,2205.0,1342.0,8305.0,4337.0,3968.0,2.21,1.68
127,2011,雲林縣,5043.0,3468.0,1575.0,12574.0,6723.0,5851.0,0.0,0.0,0.0,0.0,0.0,0.0,2042.0,1488.0,554.0,3669.0,2084.0,1585.0,3001.0,1980.0,1021.0,8905.0,4639.0,4266.0,2.18,1.76
128,2011,嘉義縣,1624.0,1121.0,503.0,3377.0,1886.0,1491.0,16.0,13.0,3.0,17.0,13.0,4.0,165.0,121.0,44.0,216.0,139.0,77.0,1443.0,987.0,456.0,3144.0,1734.0,1410.0,0.91,0.63
129,2011,屏東縣,8271.0,5588.0,2683.0,19818.0,10828.0,8990.0,48.0,34.0,14.0,52.0,37.0,15.0,903.0,657.0,246.0,1505.0,929.0,576.0,7320.0,4897.0,2423.0,18261.0,9862.0,8399.0,2.97,2.29
130,2011,臺東縣,4654.0,2885.0,1769.0,12737.0,6649.0,6088.0,191.0,153.0,38.0,201.0,159.0,42.0,1177.0,784.0,393.0,3003.0,1616.0,1387.0,3286.0,1948.0,1338.0,9533.0,4874.0,4659.0,5.76,5.58
131,2011,花蓮縣,2915.0,1875.0,1040.0,6696.0,3627.0,3069.0,3.0,2.0,1.0,3.0,2.0,1.0,100.0,62.0,38.0,159.0,92.0,67.0,2812.0,1811.0,1001.0,6534.0,3533.0,3001.0,2.39,1.99
132,2011,澎湖縣,1295.0,798.0,497.0,3034.0,1475.0,1559.0,139.0,82.0,57.0,163.0,82.0,81.0,484.0,306.0,178.0,1045.0,516.0,529.0,672.0,410.0,262.0,1826.0,877.0,949.0,3.7,3.12
133,2011,基隆市,1947.0,1034.0,913.0,5163.0,2500.0,2663.0,13.0,11.0,2.0,13.0,11.0,2.0,492.0,257.0,235.0,1182.0,573.0,609.0,1442.0,766.0,676.0,3968.0,1916.0,2052.0,1.32,1.36
134,2011,新竹市,1427.0,779.0,648.0,3819.0,1835.0,1984.0,62.0,48.0,14.0,63.0,49.0,14.0,519.0,288.0,231.0,1269.0,631.0,638.0,846.0,443.0,403.0,2487.0,1155.0,1332.0,0.98,0.91
135,2011,嘉義市,1123.0,639.0,484.0,2431.0,1283.0,1148.0,50.0,40.0,10.0,50.0,40.0,10.0,280.0,179.0,101.0,451.0,257.0,194.0,793.0,420.0,373.0,1930.0,986.0,944.0,1.17,0.9
136,2011,金門縣,273.0,154.0,119.0,601.0,303.0,298.0,0.0,0.0,0.0,0.0,0.0,0.0,91.0,48.0,43.0,221.0,109.0,112.0,182.0,106.0,76.0,380.0,194.0,186.0,0.81,0.58
137,2011,連江縣,51.0,30.0,21.0,121.0,63.0,58.0,17.0,11.0,6.0,17.0,11.0,6.0,16.0,6.0,10.0,53.0,21.0,32.0,18.0,13.0,5.0,51.0,31.0,20.0,2.32,1.2
138,2010,全國,112200.0,65575.0,46625.0,273361.0,140672.0,132689.0,4085.0,3091.0,994.0,4271.0,3198.0,1073.0,24201.0,14612.0,9589.0,51788.0,27026.0,24762.0,83914.0,47872.0,36042.0,217302.0,110448.0,106854.0,1.41,1.18
139,2010,臺北縣,15171.0,8323.0,6848.0,38172.0,19611.0,18561.0,183.0,123.0,60.0,193.0,129.0,64.0,2291.0,1358.0,933.0,5130.0,2615.0,2515.0,12697.0,6842.0,5855.0,32849.0,16867.0,15982.0,1.08,0.98
140,2010,宜蘭縣,3104.0,1886.0,1218.0,7651.0,3932.0,3719.0,44.0,36.0,8.0,46.0,37.0,9.0,722.0,464.0,258.0,1719.0,939.0,780.0,2338.0,1386.0,952.0,5886.0,2956.0,2930.0,2.02,1.66
141,2010,桃園縣,4964.0,2585.0,2379.0,13568.0,6699.0,6869.0,73.0,56.0,17.0,77.0,58.0,19.0,729.0,443.0,286.0,1778.0,926.0,852.0,4162.0,2086.0,2076.0,11713.0,5715.0,5998.0,0.74,0.68
142,2010,新竹縣,1486.0,963.0,523.0,3954.0,2529.0,1425.0,59.0,59.0,0.0,59.0,59.0,0.0,445.0,284.0,161.0,1139.0,622.0,517.0,982.0,620.0,362.0,2756.0,1848.0,908.0,0.92,0.77
143,2010,苗栗縣,2493.0,1489.0,1004.0,6048.0,3155.0,2893.0,13.0,13.0,0.0,14.0,13.0,1.0,800.0,523.0,277.0,1755.0,976.0,779.0,1680.0,953.0,727.0,4279.0,2166.0,2113.0,1.44,1.08
144,2010,臺中縣,3904.0,2272.0,1632.0,10049.0,5049.0,5000.0,4.0,4.0,0.0,4.0,4.0,0.0,342.0,187.0,155.0,844.0,407.0,437.0,3558.0,2081.0,1477.0,9201.0,4638.0,4563.0,0.84,0.64
145,2010,彰化縣,5360.0,3440.0,1920.0,9897.0,5483.0,4414.0,3.0,3.0,0.0,3.0,3.0,0.0,166.0,99.0,67.0,374.0,186.0,188.0,5191.0,3338.0,1853.0,9520.0,5294.0,4226.0,1.47,0.76
146,2010,南投縣,3818.0,2355.0,1463.0,8719.0,4647.0,4072.0,24.0,21.0,3.0,24.0,21.0,3.0,454.0,262.0,192.0,794.0,495.0,299.0,3340.0,2072.0,1268.0,7901.0,4131.0,3770.0,2.24,1.66
147,2010,雲林縣,4060.0,2781.0,1279.0,9732.0,5198.0,4534.0,0.0,0.0,0.0,0.0,0.0,0.0,1753.0,1313.0,440.0,3187.0,1926.0,1261.0,2307.0,1468.0,839.0,6545.0,3272.0,3273.0,1.77,1.36
148,2010,嘉義縣,1452.0,966.0,486.0,3251.0,1947.0,1304.0,15.0,13.0,2.0,16.0,14.0,2.0,162.0,116.0,46.0,242.0,154.0,88.0,1275.0,837.0,438.0,2993.0,1779.0,1214.0,0.82,0.6
149,2010,臺南縣,3336.0,2640.0,696.0,7026.0,3862.0,3164.0,27.0,19.0,8.0,28.0,19.0,9.0,333.0,272.0,61.0,566.0,339.0,227.0,2976.0,2349.0,627.0,6432.0,3504.0,2928.0,0.9,0.64
150,2010,高雄縣,5849.0,3614.0,2235.0,14573.0,7563.0,7010.0,95.0,73.0,22.0,100.0,75.0,25.0,1348.0,934.0,414.0,2605.0,1513.0,1092.0,4406.0,2607.0,1799.0,11868.0,5975.0,5893.0,1.35,1.17
151,2010,屏東縣,7867.0,5249.0,2618.0,19324.0,10351.0,8973.0,52.0,37.0,15.0,53.0,38.0,15.0,1004.0,719.0,285.0,1783.0,1070.0,713.0,6811.0,4493.0,2318.0,17488.0,9243.0,8245.0,2.84,2.21
152,2010,臺東縣,3914.0,2405.0,1509.0,10788.0,5674.0,5114.0,112.0,88.0,24.0,117.0,89.0,28.0,927.0,634.0,293.0,2355.0,1314.0,1041.0,2875.0,1683.0,1192.0,8316.0,4271.0,4045.0,4.87,4.68
153,2010,花蓮縣,3139.0,2090.0,1049.0,7404.0,3978.0,3426.0,6.0,4.0,2.0,6.0,4.0,2.0,140.0,86.0,54.0,228.0,129.0,99.0,2993.0,2000.0,993.0,7170.0,3845.0,3325.0,2.6,2.19
154,2010,澎湖縣,1388.0,859.0,529.0,3110.0,1571.0,1539.0,164.0,98.0,66.0,174.0,104.0,70.0,566.0,355.0,211.0,1354.0,698.0,656.0,658.0,406.0,252.0,1582.0,769.0,813.0,4.06,3.21
155,2010,基隆市,1443.0,747.0,696.0,3743.0,1793.0,1950.0,12.0,9.0,3.0,14.0,9.0,5.0,429.0,226.0,203.0,988.0,489.0,499.0,1002.0,512.0,490.0,2741.0,1295.0,1446.0,0.98,0.97
156,2010,新竹市,1268.0,691.0,577.0,3219.0,1548.0,1671.0,56.0,41.0,15.0,56.0,41.0,15.0,448.0,236.0,212.0,1139.0,539.0,600.0,764.0,414.0,350.0,2024.0,968.0,1056.0,0.89,0.78
157,2010,臺中市,3947.0,1920.0,2027.0,9365.0,4359.0,5006.0,79.0,61.0,18.0,83.0,63.0,20.0,495.0,247.0,248.0,1115.0,526.0,589.0,3373.0,1612.0,1761.0,8167.0,3770.0,4397.0,1.02,0.87
158,2010,嘉義市,1287.0,784.0,503.0,2988.0,1560.0,1428.0,52.0,43.0,9.0,53.0,44.0,9.0,371.0,235.0,136.0,636.0,360.0,276.0,864.0,506.0,358.0,2299.0,1156.0,1143.0,1.35,1.1
159,2010,臺南市,4677.0,2648.0,2029.0,12159.0,5961.0,6198.0,343.0,230.0,113.0,367.0,246.0,121.0,1523.0,864.0,659.0,3443.0,1728.0,1715.0,2811.0,1554.0,1257.0,8349.0,3987.0,4362.0,1.73,1.57
160,2010,臺 北 市,17810.0,9654.0,8156.0,43823.0,22380.0,21443.0,2530.0,1967.0,563.0,2636.0,2031.0,605.0,3525.0,1941.0,1584.0,7564.0,3616.0,3948.0,11755.0,5746.0,6009.0,33623.0,16733.0,16890.0,1.81,1.67
161,2010,高 雄 市,10161.0,5041.0,5120.0,24129.0,11484.0,12645.0,126.0,84.0,42.0,135.0,88.0,47.0,5131.0,2762.0,2369.0,10821.0,5350.0,5471.0,4904.0,2195.0,2709.0,13173.0,6046.0,7127.0,1.73,1.58
162,2010,金門縣,261.0,150.0,111.0,574.0,293.0,281.0,0.0,0.0,0.0,0.0,0.0,0.0,87.0,48.0,39.0,199.0,97.0,102.0,174.0,102.0,72.0,375.0,196.0,179.0,0.8,0.59
163,2010,連江縣,41.0,23.0,18.0,95.0,45.0,50.0,13.0,9.0,4.0,13.0,9.0,4.0,10.0,4.0,6.0,30.0,12.0,18.0,18.0,10.0,8.0,52.0,24.0,28.0,1.94,0.96
164,2009,全國,105265.0,60982.0,44283.0,256342.0,130515.0,125827.0,4253.0,3191.0,1062.0,4451.0,3301.0,1150.0,23447.0,14009.0,9438.0,50811.0,26259.0,24552.0,77565.0,43782.0,33783.0,201080.0,100955.0,100125.0,1.35,1.11
165,2009,臺北縣,13105.0,7171.0,5934.0,32357.0,16084.0,16273.0,205.0,138.0,67.0,222.0,146.0,76.0,2042.0,1195.0,847.0,4464.0,2311.0,2153.0,10858.0,5838.0,5020.0,27671.0,13627.0,14044.0,0.95,0.84
166,2009,宜蘭縣,3156.0,1873.0,1283.0,7847.0,3929.0,3918.0,42.0,32.0,10.0,44.0,33.0,11.0,848.0,529.0,319.0,2012.0,1069.0,943.0,2266.0,1312.0,954.0,5791.0,2827.0,2964.0,2.08,1.7
167,2009,桃園縣,4598.0,2333.0,2265.0,12224.0,5995.0,6229.0,72.0,57.0,15.0,79.0,61.0,18.0,767.0,426.0,341.0,2000.0,1002.0,998.0,3759.0,1850.0,1909.0,10145.0,4932.0,5213.0,0.7,0.62
168,2009,新竹縣,1385.0,884.0,501.0,3707.0,2212.0,1495.0,74.0,74.0,0.0,75.0,75.0,0.0,413.0,260.0,153.0,1078.0,597.0,481.0,898.0,550.0,348.0,2554.0,1540.0,1014.0,0.88,0.73
169,2009,苗栗縣,2446.0,1443.0,1003.0,5923.0,3067.0,2856.0,14.0,13.0,1.0,15.0,13.0,2.0,876.0,544.0,332.0,2045.0,1092.0,953.0,1556.0,886.0,670.0,3863.0,1962.0,1901.0,1.44,1.05
170,2009,臺中縣,3814.0,2120.0,1694.0,9513.0,4802.0,4711.0,4.0,3.0,1.0,4.0,3.0,1.0,315.0,173.0,142.0,764.0,400.0,364.0,3495.0,1944.0,1551.0,8745.0,4399.0,4346.0,0.83,0.61
171,2009,彰化縣,5219.0,3311.0,1908.0,10001.0,5477.0,4524.0,3.0,3.0,0.0,3.0,3.0,0.0,204.0,124.0,80.0,458.0,240.0,218.0,5012.0,3184.0,1828.0,9540.0,5234.0,4306.0,1.45,0.76
172,2009,南投縣,3488.0,2204.0,1284.0,8249.0,4343.0,3906.0,25.0,22.0,3.0,25.0,22.0,3.0,272.0,199.0,73.0,519.0,312.0,207.0,3191.0,1983.0,1208.0,7705.0,4009.0,3696.0,2.06,1.55
173,2009,雲林縣,4153.0,2784.0,1369.0,9963.0,5306.0,4657.0,53.0,37.0,16.0,56.0,39.0,17.0,1998.0,1446.0,552.0,3656.0,2143.0,1513.0,2102.0,1301.0,801.0,6251.0,3124.0,3127.0,1.83,1.38
174,2009,嘉義縣,1490.0,1001.0,489.0,3375.0,1802.0,1573.0,16.0,14.0,2.0,17.0,14.0,3.0,173.0,123.0,50.0,271.0,160.0,111.0,1301.0,864.0,437.0,3087.0,1628.0,1459.0,0.85,0.62
175,2009,臺南縣,3176.0,2545.0,631.0,6554.0,3631.0,2923.0,33.0,24.0,9.0,33.0,24.0,9.0,349.0,281.0,68.0,604.0,361.0,243.0,2794.0,2240.0,554.0,5917.0,3246.0,2671.0,0.87,0.59
176,2009,高雄縣,5195.0,3194.0,2001.0,12842.0,6707.0,6135.0,98.0,76.0,22.0,103.0,78.0,25.0,1261.0,858.0,403.0,2443.0,1414.0,1029.0,3836.0,2260.0,1576.0,10296.0,5215.0,5081.0,1.22,1.03
177,2009,屏東縣,7438.0,4893.0,2545.0,18519.0,9821.0,8698.0,69.0,48.0,21.0,69.0,48.0,21.0,1076.0,762.0,314.0,1995.0,1175.0,820.0,6293.0,4083.0,2210.0,16455.0,8598.0,7857.0,2.71,2.1
178,2009,臺東縣,3780.0,2308.0,1472.0,10629.0,5530.0,5099.0,166.0,127.0,39.0,173.0,130.0,43.0,982.0,642.0,340.0,2462.0,1275.0,1187.0,2632.0,1539.0,1093.0,7994.0,4125.0,3869.0,4.74,4.57
179,2009,花蓮縣,3210.0,2022.0,1188.0,8104.0,4249.0,3855.0,10.0,9.0,1.0,10.0,9.0,1.0,232.0,146.0,86.0,455.0,250.0,205.0,2968.0,1867.0,1101.0,7639.0,3990.0,3649.0,2.68,2.38
180,2009,澎湖縣,1488.0,918.0,570.0,3419.0,1730.0,1689.0,194.0,120.0,74.0,212.0,131.0,81.0,591.0,373.0,218.0,1459.0,732.0,727.0,703.0,425.0,278.0,1748.0,867.0,881.0,4.49,3.55
181,2009,基隆市,1385.0,725.0,660.0,3538.0,1719.0,1819.0,11.0,8.0,3.0,13.0,8.0,5.0,420.0,220.0,200.0,934.0,455.0,479.0,954.0,497.0,457.0,2591.0,1256.0,1335.0,0.95,0.91
182,2009,新竹市,1183.0,616.0,567.0,3004.0,1456.0,1548.0,60.0,46.0,14.0,61.0,46.0,15.0,463.0,232.0,231.0,1242.0,604.0,638.0,660.0,338.0,322.0,1701.0,806.0,895.0,0.85,0.73
183,2009,臺中市,3928.0,1932.0,1996.0,9277.0,4440.0,4837.0,77.0,59.0,18.0,77.0,59.0,18.0,457.0,230.0,227.0,1048.0,496.0,552.0,3394.0,1643.0,1751.0,8152.0,3885.0,4267.0,1.04,0.86
184,2009,嘉義市,1287.0,785.0,502.0,3017.0,1585.0,1432.0,58.0,45.0,13.0,59.0,46.0,13.0,386.0,240.0,146.0,626.0,299.0,327.0,843.0,500.0,343.0,2332.0,1240.0,1092.0,1.36,1.1
185,2009,臺南市,3987.0,2199.0,1788.0,10247.0,5052.0,5195.0,288.0,190.0,98.0,308.0,200.0,108.0,1335.0,743.0,592.0,2985.0,1471.0,1514.0,2364.0,1266.0,1098.0,6954.0,3381.0,3573.0,1.5,1.33
186,2009,臺 北 市,16532.0,8940.0,7592.0,40708.0,20571.0,20137.0,2530.0,1946.0,584.0,2629.0,2007.0,622.0,3211.0,1761.0,1450.0,7128.0,3444.0,3684.0,10791.0,5233.0,5558.0,30951.0,15120.0,15831.0,1.71,1.56
187,2009,高 雄 市,9519.0,4610.0,4909.0,22672.0,10680.0,11992.0,133.0,89.0,44.0,146.0,95.0,51.0,4682.0,2456.0,2226.0,9948.0,4861.0,5087.0,4704.0,2065.0,2639.0,12578.0,5724.0,6854.0,1.64,1.48
188,2009,金門縣,259.0,146.0,113.0,564.0,283.0,281.0,0.0,0.0,0.0,0.0,0.0,0.0,83.0,42.0,41.0,181.0,83.0,98.0,176.0,104.0,72.0,383.0,200.0,183.0,0.82,0.6
189,2009,連江縣,44.0,25.0,19.0,89.0,44.0,45.0,18.0,11.0,7.0,18.0,11.0,7.0,11.0,4.0,7.0,34.0,13.0,21.0,15.0,10.0,5.0,37.0,20.0,17.0,2.14,0.9
190,2008,全國,93032.0,53021.0,40011.0,223697.0,113281.0,110416.0,4308.0,3150.0,1158.0,4540.0,3273.0,1267.0,21324.0,12711.0,8613.0,46748.0,24056.0,22692.0,67400.0,37160.0,30240.0,172409.0,85952.0,86457.0,1.22,0.97
191,2008,臺北縣,10608.0,5585.0,5023.0,24835.0,12032.0,12803.0,192.0,129.0,63.0,207.0,135.0,72.0,1487.0,853.0,634.0,3188.0,1518.0,1670.0,8929.0,4603.0,4326.0,21440.0,10379.0,11061.0,0.79,0.65
192,2008,宜蘭縣,3174.0,1863.0,1311.0,6970.0,3556.0,3414.0,32.0,23.0,9.0,34.0,23.0,11.0,477.0,261.0,216.0,1104.0,568.0,536.0,2665.0,1579.0,1086.0,5832.0,2965.0,2867.0,2.12,1.51
193,2008,桃園縣,3772.0,1860.0,1912.0,9791.0,4722.0,5069.0,74.0,58.0,16.0,82.0,62.0,20.0,773.0,414.0,359.0,1988.0,947.0,1041.0,2925.0,1388.0,1537.0,7721.0,3713.0,4008.0,0.59,0.5
194,2008,新竹縣,1128.0,732.0,396.0,2887.0,1687.0,1200.0,83.0,75.0,8.0,85.0,77.0,8.0,425.0,264.0,161.0,1182.0,653.0,529.0,620.0,393.0,227.0,1620.0,957.0,663.0,0.74,0.57
195,2008,苗栗縣,2031.0,1206.0,825.0,4644.0,2451.0,2193.0,15.0,14.0,1.0,15.0,14.0,1.0,678.0,428.0,250.0,1513.0,858.0,655.0,1338.0,764.0,574.0,3116.0,1579.0,1537.0,1.22,0.83
196,2008,臺中縣,2863.0,1689.0,1174.0,7360.0,3725.0,3635.0,6.0,4.0,2.0,7.0,4.0,3.0,285.0,164.0,121.0,790.0,387.0,403.0,2572.0,1521.0,1051.0,6563.0,3334.0,3229.0,0.63,0.47
197,2008,彰化縣,5004.0,3058.0,1946.0,9830.0,5256.0,4574.0,4.0,4.0,0.0,4.0,4.0,0.0,233.0,132.0,101.0,534.0,273.0,261.0,4767.0,2922.0,1845.0,9292.0,4979.0,4313.0,1.41,0.75
198,2008,南投縣,3314.0,2095.0,1219.0,7900.0,4162.0,3738.0,31.0,25.0,6.0,32.0,25.0,7.0,300.0,219.0,81.0,564.0,342.0,222.0,2983.0,1851.0,1132.0,7304.0,3795.0,3509.0,1.99,1.49
199,2008,雲林縣,3832.0,2563.0,1269.0,9288.0,5156.0,4132.0,93.0,47.0,46.0,101.0,50.0,51.0,1926.0,1399.0,527.0,3837.0,2285.0,1552.0,1813.0,1117.0,696.0,5350.0,2821.0,2529.0,1.71,1.28
200,2008,嘉義縣,1476.0,989.0,487.0,3308.0,1853.0,1455.0,20.0,16.0,4.0,22.0,16.0,6.0,185.0,128.0,57.0,290.0,172.0,118.0,1271.0,845.0,426.0,2996.0,1665.0,1331.0,0.86,0.6
201,2008,臺南縣,2818.0,2108.0,710.0,5588.0,3161.0,2427.0,35.0,25.0,10.0,35.0,25.0,10.0,384.0,328.0,56.0,647.0,386.0,261.0,2399.0,1755.0,644.0,4906.0,2750.0,2156.0,0.79,0.51
202,2008,高雄縣,4317.0,2619.0,1698.0,10417.0,5480.0,4937.0,93.0,72.0,21.0,97.0,74.0,23.0,1096.0,737.0,359.0,2090.0,1223.0,867.0,3128.0,1810.0,1318.0,8230.0,4183.0,4047.0,1.03,0.84
203,2008,屏東縣,7248.0,4706.0,2542.0,18174.0,9537.0,8637.0,78.0,55.0,23.0,78.0,55.0,23.0,1284.0,899.0,385.0,2567.0,1446.0,1121.0,5886.0,3752.0,2134.0,15529.0,8036.0,7493.0,2.69,2.05
204,2008,臺東縣,3610.0,2145.0,1465.0,10834.0,5553.0,5281.0,235.0,161.0,74.0,254.0,169.0,85.0,1189.0,742.0,447.0,3027.0,1583.0,1444.0,2186.0,1242.0,944.0,7553.0,3801.0,3752.0,4.59,4.67
205,2008,花蓮縣,3350.0,1814.0,1536.0,7585.0,3728.0,3857.0,16.0,8.0,8.0,16.0,8.0,8.0,311.0,158.0,153.0,633.0,313.0,320.0,3023.0,1648.0,1375.0,6936.0,3407.0,3529.0,2.83,2.22
206,2008,澎湖縣,1261.0,802.0,459.0,3313.0,1706.0,1607.0,218.0,140.0,78.0,242.0,153.0,89.0,566.0,368.0,198.0,1508.0,784.0,724.0,477.0,294.0,183.0,1563.0,769.0,794.0,4.01,3.55
207,2008,基隆市,1272.0,631.0,641.0,3247.0,1639.0,1608.0,10.0,7.0,3.0,13.0,8.0,5.0,380.0,205.0,175.0,801.0,387.0,414.0,882.0,419.0,463.0,2433.0,1244.0,1189.0,0.88,0.83
208,2008,新竹市,1018.0,536.0,482.0,2449.0,1178.0,1271.0,73.0,58.0,15.0,76.0,60.0,16.0,394.0,203.0,191.0,1063.0,489.0,574.0,551.0,275.0,276.0,1310.0,629.0,681.0,0.76,0.6
209,2008,臺中市,2884.0,1356.0,1528.0,7306.0,3376.0,3930.0,84.0,69.0,15.0,85.0,69.0,16.0,369.0,171.0,198.0,870.0,380.0,490.0,2431.0,1116.0,1315.0,6351.0,2927.0,3424.0,0.78,0.69
210,2008,嘉義市,1290.0,744.0,546.0,3147.0,1654.0,1493.0,127.0,100.0,27.0,131.0,102.0,29.0,503.0,307.0,196.0,1020.0,540.0,480.0,660.0,337.0,323.0,1996.0,1012.0,984.0,1.39,1.15
211,2008,臺南市,3160.0,1625.0,1535.0,7823.0,3738.0,4085.0,233.0,141.0,92.0,248.0,147.0,101.0,1074.0,578.0,496.0,2345.0,1140.0,1205.0,1853.0,906.0,947.0,5230.0,2451.0,2779.0,1.21,1.02
212,2008,臺 北 市,14753.0,7936.0,6817.0,36274.0,18082.0,18192.0,2389.0,1811.0,578.0,2492.0,1875.0,617.0,2823.0,1540.0,1283.0,6358.0,3058.0,3300.0,9541.0,4585.0,4956.0,27424.0,13149.0,14275.0,1.54,1.38
213,2008,高 雄 市,8570.0,4203.0,4367.0,20156.0,9560.0,10596.0,149.0,97.0,52.0,166.0,107.0,59.0,4098.0,2171.0,1927.0,8652.0,4245.0,4407.0,4323.0,1935.0,2388.0,11338.0,5208.0,6130.0,1.5,1.32
214,2008,金門縣,234.0,130.0,104.0,490.0,248.0,242.0,0.0,0.0,0.0,0.0,0.0,0.0,70.0,35.0,35.0,142.0,64.0,78.0,164.0,95.0,69.0,348.0,184.0,164.0,0.78,0.58
215,2008,連江縣,45.0,26.0,19.0,81.0,41.0,40.0,18.0,11.0,7.0,18.0,11.0,7.0,14.0,7.0,7.0,35.0,15.0,20.0,13.0,8.0,5.0,28.0,15.0,13.0,2.27,0.83
216,2007,全國,90682.0,50593.0,40089.0,220990.0,110639.0,110351.0,4207.0,3062.0,1145.0,4461.0,3217.0,1244.0,21025.0,12141.0,8884.0,46776.0,23820.0,22956.0,65450.0,35390.0,30060.0,169753.0,83602.0,86151.0,1.21,0.96
217,2007,臺北縣,11100.0,5773.0,5327.0,27399.0,12992.0,14407.0,207.0,138.0,69.0,227.0,147.0,80.0,1603.0,884.0,719.0,3391.0,1608.0,1783.0,9290.0,4751.0,4539.0,23781.0,11237.0,12544.0,0.85,0.72
218,2007,宜蘭縣,2945.0,1746.0,1199.0,6579.0,3360.0,3219.0,43.0,34.0,9.0,45.0,34.0,11.0,493.0,259.0,234.0,1182.0,577.0,605.0,2409.0,1453.0,956.0,5352.0,2749.0,2603.0,2.0,1.43
219,2007,桃園縣,3413.0,1719.0,1694.0,8960.0,4426.0,4534.0,71.0,57.0,14.0,80.0,62.0,18.0,769.0,432.0,337.0,1956.0,1075.0,881.0,2573.0,1230.0,1343.0,6924.0,3289.0,3635.0,0.55,0.46
220,2007,新竹縣,1055.0,686.0,369.0,2678.0,1566.0,1112.0,95.0,87.0,8.0,97.0,89.0,8.0,425.0,274.0,151.0,1189.0,688.0,501.0,535.0,325.0,210.0,1392.0,789.0,603.0,0.71,0.54
221,2007,苗栗縣,2073.0,1188.0,885.0,4784.0,2455.0,2329.0,1.0,1.0,0.0,3.0,2.0,1.0,294.0,173.0,121.0,637.0,351.0,286.0,1778.0,1014.0,764.0,4144.0,2102.0,2042.0,1.27,0.85
222,2007,臺中縣,2865.0,1390.0,1475.0,7075.0,3324.0,3751.0,9.0,8.0,1.0,12.0,9.0,3.0,307.0,148.0,159.0,862.0,398.0,464.0,2549.0,1234.0,1315.0,6201.0,2917.0,3284.0,0.65,0.46
223,2007,彰化縣,5249.0,2984.0,2265.0,10891.0,5564.0,5327.0,5.0,4.0,1.0,5.0,4.0,1.0,325.0,184.0,141.0,738.0,365.0,373.0,4919.0,2796.0,2123.0,10148.0,5195.0,4953.0,1.51,0.83
224,2007,南投縣,3095.0,1938.0,1157.0,7902.0,4214.0,3688.0,32.0,25.0,7.0,37.0,29.0,8.0,318.0,223.0,95.0,633.0,373.0,260.0,2745.0,1690.0,1055.0,7232.0,3812.0,3420.0,1.89,1.48
225,2007,雲林縣,4314.0,2754.0,1560.0,10833.0,5907.0,4926.0,80.0,48.0,32.0,85.0,52.0,33.0,1800.0,1175.0,625.0,3846.0,2135.0,1711.0,2434.0,1531.0,903.0,6902.0,3720.0,3182.0,1.97,1.49
226,2007,嘉義縣,1515.0,998.0,517.0,3490.0,2016.0,1474.0,28.0,23.0,5.0,30.0,23.0,7.0,214.0,149.0,65.0,335.0,202.0,133.0,1273.0,826.0,447.0,3125.0,1791.0,1334.0,0.9,0.63
227,2007,臺南縣,2635.0,2028.0,607.0,5103.0,2899.0,2204.0,40.0,28.0,12.0,41.0,29.0,12.0,382.0,326.0,56.0,559.0,358.0,201.0,2213.0,1674.0,539.0,4503.0,2512.0,1991.0,0.75,0.46
228,2007,高雄縣,3769.0,2307.0,1462.0,8973.0,4758.0,4215.0,84.0,63.0,21.0,86.0,64.0,22.0,998.0,676.0,322.0,1955.0,1128.0,827.0,2687.0,1568.0,1119.0,6932.0,3566.0,3366.0,0.91,0.72
229,2007,屏東縣,6980.0,4362.0,2618.0,18097.0,9358.0,8739.0,86.0,64.0,22.0,88.0,65.0,23.0,1451.0,959.0,492.0,3220.0,1761.0,1459.0,5443.0,3339.0,2104.0,14789.0,7532.0,7257.0,2.61,2.03
230,2007,臺東縣,3528.0,2030.0,1498.0,10777.0,5459.0,5318.0,253.0,168.0,85.0,278.0,179.0,99.0,1272.0,739.0,533.0,3290.0,1662.0,1628.0,2003.0,1123.0,880.0,7209.0,3618.0,3591.0,4.53,4.61
231,2007,花蓮縣,3528.0,1942.0,1586.0,7917.0,4026.0,3891.0,12.0,8.0,4.0,14.0,9.0,5.0,334.0,189.0,145.0,749.0,377.0,372.0,3182.0,1745.0,1437.0,7154.0,3640.0,3514.0,3.02,2.31
232,2007,澎湖縣,1425.0,846.0,579.0,3394.0,1743.0,1651.0,269.0,168.0,101.0,298.0,192.0,106.0,535.0,356.0,179.0,1449.0,771.0,678.0,621.0,322.0,299.0,1647.0,780.0,867.0,4.67,3.67
233,2007,基隆市,1330.0,619.0,711.0,3348.0,1523.0,1825.0,12.0,8.0,4.0,16.0,9.0,7.0,485.0,249.0,236.0,931.0,458.0,473.0,833.0,362.0,471.0,2401.0,1056.0,1345.0,0.93,0.86
234,2007,新竹市,766.0,397.0,369.0,1990.0,944.0,1046.0,81.0,64.0,17.0,86.0,67.0,19.0,295.0,139.0,156.0,873.0,394.0,479.0,390.0,194.0,196.0,1031.0,483.0,548.0,0.59,0.5
235,2007,臺中市,2675.0,1282.0,1393.0,6819.0,3205.0,3614.0,103.0,80.0,23.0,105.0,81.0,24.0,359.0,171.0,188.0,926.0,430.0,496.0,2213.0,1031.0,1182.0,5788.0,2694.0,3094.0,0.74,0.65
236,2007,嘉義市,1408.0,775.0,633.0,3525.0,1781.0,1744.0,91.0,69.0,22.0,93.0,71.0,22.0,520.0,308.0,212.0,1095.0,553.0,542.0,797.0,398.0,399.0,2337.0,1157.0,1180.0,1.55,1.29
237,2007,臺南市,2897.0,1443.0,1454.0,7179.0,3274.0,3905.0,217.0,143.0,74.0,233.0,150.0,83.0,1019.0,502.0,517.0,2248.0,989.0,1259.0,1661.0,798.0,863.0,4698.0,2135.0,2563.0,1.13,0.94
238,2007,臺 北 市,14000.0,7364.0,6636.0,34752.0,16932.0,17820.0,2204.0,1658.0,546.0,2303.0,1726.0,577.0,2731.0,1470.0,1261.0,6263.0,2995.0,3268.0,9065.0,4236.0,4829.0,26186.0,12211.0,13975.0,1.48,1.32
239,2007,高 雄 市,7813.0,3861.0,3952.0,17887.0,8573.0,9314.0,165.0,105.0,60.0,180.0,113.0,67.0,3988.0,2105.0,1883.0,8230.0,4053.0,4177.0,3660.0,1651.0,2009.0,9477.0,4407.0,5070.0,1.39,1.18
240,2007,金門縣,260.0,138.0,122.0,565.0,302.0,263.0,0.0,0.0,0.0,0.0,0.0,0.0,94.0,45.0,49.0,186.0,104.0,82.0,166.0,93.0,73.0,379.0,198.0,181.0,0.89,0.69
241,2007,連江縣,44.0,23.0,21.0,73.0,38.0,35.0,19.0,11.0,8.0,19.0,11.0,8.0,14.0,6.0,8.0,33.0,15.0,18.0,11.0,6.0,5.0,21.0,12.0,9.0,2.28,0.73
242,2006,全國,89900.0,49755.0,40145.0,218166.0,108097.0,110069.0,4214.0,3008.0,1206.0,4472.0,3128.0,1344.0,21073.0,11951.0,9122.0,47168.0,23569.0,23599.0,64613.0,34796.0,29817.0,166526.0,81400.0,85126.0,1.22,0.95
243,2006,臺北縣,10917.0,5643.0,5274.0,26887.0,12706.0,14181.0,206.0,140.0,66.0,227.0,147.0,80.0,1752.0,912.0,840.0,3665.0,1677.0,1988.0,8959.0,4591.0,4368.0,22995.0,10882.0,12113.0,0.85,0.71
244,2006,宜蘭縣,2819.0,1690.0,1129.0,6156.0,3217.0,2939.0,39.0,31.0,8.0,39.0,31.0,8.0,411.0,228.0,183.0,987.0,507.0,480.0,2369.0,1431.0,938.0,5130.0,2679.0,2451.0,1.95,1.34
245,2006,桃園縣,3321.0,1653.0,1668.0,8498.0,3993.0,4505.0,74.0,58.0,16.0,81.0,62.0,19.0,741.0,404.0,337.0,1757.0,918.0,839.0,2506.0,1191.0,1315.0,6660.0,3013.0,3647.0,0.55,0.44
246,2006,新竹縣,942.0,613.0,329.0,2216.0,1157.0,1059.0,80.0,70.0,10.0,80.0,70.0,10.0,361.0,242.0,119.0,958.0,507.0,451.0,501.0,301.0,200.0,1178.0,580.0,598.0,0.66,0.45
247,2006,苗栗縣,2088.0,1179.0,909.0,5437.0,2712.0,2725.0,1.0,1.0,0.0,1.0,1.0,0.0,397.0,237.0,160.0,886.0,470.0,416.0,1690.0,941.0,749.0,4550.0,2241.0,2309.0,1.3,0.97
248,2006,臺中縣,2696.0,1301.0,1395.0,6553.0,3087.0,3466.0,10.0,6.0,4.0,14.0,2.0,12.0,168.0,78.0,90.0,486.0,236.0,250.0,2518.0,1217.0,1301.0,6053.0,2849.0,3204.0,0.62,0.42
249,2006,彰化縣,5007.0,2809.0,2198.0,10480.0,5297.0,5183.0,6.0,5.0,1.0,6.0,5.0,1.0,344.0,188.0,156.0,792.0,394.0,398.0,4657.0,2616.0,2041.0,9682.0,4898.0,4784.0,1.46,0.8
250,2006,南投縣,3472.0,2067.0,1405.0,8301.0,4218.0,4083.0,37.0,29.0,8.0,38.0,30.0,8.0,407.0,265.0,142.0,710.0,397.0,313.0,3028.0,1773.0,1255.0,7553.0,3791.0,3762.0,2.14,1.55
251,2006,雲林縣,4072.0,2525.0,1547.0,9961.0,5096.0,4865.0,54.0,34.0,20.0,55.0,34.0,21.0,1641.0,1044.0,597.0,3431.0,1777.0,1654.0,2377.0,1447.0,930.0,6475.0,3285.0,3190.0,1.89,1.37
252,2006,嘉義縣,1942.0,1245.0,697.0,4781.0,2668.0,2113.0,35.0,26.0,9.0,37.0,26.0,11.0,296.0,182.0,114.0,493.0,271.0,222.0,1611.0,1037.0,574.0,4251.0,2371.0,1880.0,1.16,0.86
253,2006,臺南縣,2668.0,2134.0,534.0,5103.0,2828.0,2275.0,40.0,28.0,12.0,40.0,28.0,12.0,498.0,420.0,78.0,727.0,417.0,310.0,2130.0,1686.0,444.0,4336.0,2383.0,1953.0,0.76,0.46
254,2006,高雄縣,3339.0,2067.0,1272.0,7907.0,4176.0,3731.0,92.0,70.0,22.0,95.0,71.0,24.0,933.0,643.0,290.0,1905.0,1091.0,814.0,2314.0,1354.0,960.0,5907.0,3014.0,2893.0,0.81,0.63
255,2006,屏東縣,6296.0,3836.0,2460.0,15963.0,8163.0,7800.0,91.0,68.0,23.0,92.0,68.0,24.0,1394.0,906.0,488.0,3063.0,1669.0,1394.0,4811.0,2862.0,1949.0,12808.0,6426.0,6382.0,2.38,1.79
256,2006,臺東縣,4366.0,2457.0,1909.0,12554.0,6390.0,6164.0,259.0,163.0,96.0,306.0,186.0,120.0,1470.0,808.0,662.0,3979.0,2015.0,1964.0,2637.0,1486.0,1151.0,8269.0,4189.0,4080.0,5.64,5.32
257,2006,花蓮縣,4259.0,2208.0,2051.0,9685.0,4720.0,4965.0,25.0,16.0,9.0,25.0,16.0,9.0,490.0,257.0,233.0,1063.0,522.0,541.0,3744.0,1935.0,1809.0,8597.0,4182.0,4415.0,3.69,2.8
258,2006,澎湖縣,1408.0,913.0,495.0,3633.0,1849.0,1784.0,378.0,243.0,135.0,433.0,270.0,163.0,522.0,351.0,171.0,1580.0,801.0,779.0,508.0,319.0,189.0,1620.0,778.0,842.0,4.7,3.96
259,2006,基隆市,1316.0,616.0,700.0,2990.0,1403.0,1587.0,14.0,9.0,5.0,19.0,10.0,9.0,484.0,243.0,241.0,889.0,433.0,456.0,818.0,364.0,454.0,2082.0,960.0,1122.0,0.93,0.77
260,2006,新竹市,782.0,411.0,371.0,1845.0,882.0,963.0,86.0,61.0,25.0,89.0,61.0,28.0,278.0,135.0,143.0,738.0,331.0,407.0,418.0,215.0,203.0,1018.0,490.0,528.0,0.61,0.47
261,2006,臺中市,2534.0,1102.0,1432.0,6978.0,3224.0,3754.0,95.0,66.0,29.0,97.0,65.0,32.0,390.0,165.0,225.0,1008.0,431.0,577.0,2049.0,871.0,1178.0,5873.0,2728.0,3145.0,0.72,0.67
262,2006,嘉義市,1520.0,793.0,727.0,3769.0,1867.0,1902.0,83.0,55.0,28.0,84.0,56.0,28.0,525.0,286.0,239.0,1005.0,485.0,520.0,912.0,452.0,460.0,2680.0,1326.0,1354.0,1.7,1.38
263,2006,臺南市,2677.0,1314.0,1363.0,6566.0,2927.0,3639.0,155.0,95.0,60.0,165.0,99.0,66.0,990.0,497.0,493.0,2160.0,963.0,1197.0,1532.0,722.0,810.0,4241.0,1865.0,2376.0,1.06,0.86
264,2006,臺 北 市,13499.0,7125.0,6374.0,33437.0,16368.0,17069.0,2146.0,1603.0,543.0,2221.0,1651.0,570.0,2875.0,1482.0,1393.0,6964.0,3266.0,3698.0,8478.0,4040.0,4438.0,24252.0,11451.0,12801.0,1.43,1.27
265,2006,高 雄 市,7633.0,3890.0,3743.0,17768.0,8792.0,8976.0,183.0,117.0,66.0,200.0,125.0,75.0,3581.0,1922.0,1659.0,7647.0,3844.0,3803.0,3869.0,1851.0,2018.0,9921.0,4823.0,5098.0,1.39,1.17
266,2006,金門縣,281.0,143.0,138.0,623.0,318.0,305.0,1.0,0.0,1.0,4.0,0.0,4.0,113.0,53.0,60.0,246.0,134.0,112.0,167.0,90.0,77.0,373.0,184.0,189.0,0.99,0.81
267,2006,連江縣,46.0,21.0,25.0,75.0,39.0,36.0,24.0,14.0,10.0,24.0,14.0,10.0,12.0,3.0,9.0,29.0,13.0,16.0,10.0,4.0,6.0,22.0,12.0,10.0,2.45,0.77
268,2005,全國,84823.0,45634.0,39189.0,211292.0,104745.0,106547.0,4049.0,2872.0,1177.0,4394.0,3038.0,1356.0,20445.0,11210.0,9235.0,46973.0,23537.0,23436.0,60329.0,31552.0,28777.0,159925.0,78170.0,81755.0,1.16,0.93
269,2005,臺北縣,9176.0,4111.0,5065.0,24563.0,11133.0,13430.0,246.0,165.0,81.0,288.0,172.0,116.0,1721.0,774.0,947.0,3801.0,1748.0,2053.0,7209.0,3172.0,4037.0,20474.0,9213.0,11261.0,0.73,0.66
270,2005,宜蘭縣,3034.0,1760.0,1274.0,7142.0,3595.0,3547.0,43.0,32.0,11.0,48.0,34.0,14.0,412.0,242.0,170.0,1026.0,516.0,510.0,2579.0,1486.0,1093.0,6068.0,3045.0,3023.0,2.13,1.55
271,2005,桃園縣,3152.0,1621.0,1531.0,8133.0,3839.0,4294.0,72.0,55.0,17.0,78.0,59.0,19.0,743.0,416.0,327.0,1684.0,826.0,858.0,2337.0,1150.0,1187.0,6371.0,2954.0,3417.0,0.53,0.43
272,2005,新竹縣,1270.0,595.0,675.0,3434.0,1616.0,1818.0,86.0,47.0,39.0,88.0,48.0,40.0,541.0,248.0,293.0,1390.0,659.0,731.0,643.0,300.0,343.0,1956.0,909.0,1047.0,0.92,0.72
273,2005,苗栗縣,2025.0,1186.0,839.0,4525.0,2300.0,2225.0,1.0,1.0,0.0,1.0,1.0,0.0,396.0,245.0,151.0,840.0,421.0,419.0,1628.0,940.0,688.0,3684.0,1878.0,1806.0,1.28,0.81
274,2005,臺中縣,2514.0,1248.0,1266.0,6022.0,2965.0,3057.0,8.0,6.0,2.0,9.0,7.0,2.0,200.0,101.0,99.0,554.0,288.0,266.0,2306.0,1141.0,1165.0,5459.0,2670.0,2789.0,0.59,0.39
275,2005,彰化縣,4614.0,2008.0,2606.0,9630.0,4845.0,4785.0,8.0,5.0,3.0,8.0,5.0,3.0,364.0,151.0,213.0,838.0,405.0,433.0,4242.0,1852.0,2390.0,8784.0,4435.0,4349.0,1.36,0.73
276,2005,南投縣,3199.0,1855.0,1344.0,7997.0,3980.0,4017.0,36.0,28.0,8.0,37.0,29.0,8.0,456.0,283.0,173.0,843.0,459.0,384.0,2707.0,1544.0,1163.0,7117.0,3492.0,3625.0,1.99,1.49
277,2005,雲林縣,3839.0,2371.0,1468.0,10437.0,5345.0,5092.0,55.0,31.0,24.0,56.0,31.0,25.0,1540.0,950.0,590.0,4143.0,2180.0,1963.0,2244.0,1390.0,854.0,6238.0,3134.0,3104.0,1.8,1.42
278,2005,嘉義縣,1939.0,1255.0,684.0,4815.0,2619.0,2196.0,37.0,27.0,10.0,38.0,27.0,11.0,328.0,199.0,129.0,604.0,317.0,287.0,1574.0,1029.0,545.0,4173.0,2275.0,1898.0,1.18,0.86
279,2005,臺南縣,2519.0,2115.0,404.0,4711.0,2596.0,2115.0,45.0,33.0,12.0,45.0,33.0,12.0,548.0,487.0,61.0,821.0,473.0,348.0,1926.0,1595.0,331.0,3845.0,2090.0,1755.0,0.73,0.43
280,2005,高雄縣,2999.0,1881.0,1118.0,7523.0,4059.0,3464.0,92.0,67.0,25.0,108.0,80.0,28.0,874.0,571.0,303.0,1859.0,1016.0,843.0,2033.0,1243.0,790.0,5556.0,2963.0,2593.0,0.74,0.61
281,2005,屏東縣,6335.0,3808.0,2527.0,15831.0,8117.0,7714.0,114.0,88.0,26.0,120.0,92.0,28.0,1372.0,869.0,503.0,2991.0,1644.0,1347.0,4849.0,2851.0,1998.0,12720.0,6381.0,6339.0,2.41,1.76
282,2005,臺東縣,4075.0,2073.0,2002.0,12677.0,6374.0,6303.0,246.0,163.0,83.0,302.0,191.0,111.0,1371.0,710.0,661.0,3849.0,1981.0,1868.0,2458.0,1200.0,1258.0,8526.0,4202.0,4324.0,5.28,5.31
283,2005,花蓮縣,4047.0,2174.0,1873.0,9855.0,5038.0,4817.0,29.0,15.0,14.0,29.0,15.0,14.0,584.0,318.0,266.0,1359.0,679.0,680.0,3434.0,1841.0,1593.0,8467.0,4344.0,4123.0,3.54,2.84
284,2005,澎湖縣,1443.0,920.0,523.0,3479.0,1783.0,1696.0,433.0,277.0,156.0,526.0,316.0,210.0,498.0,324.0,174.0,1479.0,732.0,747.0,512.0,319.0,193.0,1474.0,735.0,739.0,4.86,3.76
285,2005,基隆市,1151.0,533.0,618.0,2552.0,1203.0,1349.0,12.0,8.0,4.0,16.0,9.0,7.0,452.0,222.0,230.0,809.0,393.0,416.0,687.0,303.0,384.0,1727.0,801.0,926.0,0.82,0.65
286,2005,新竹市,893.0,429.0,464.0,2079.0,967.0,1112.0,17.0,11.0,6.0,20.0,11.0,9.0,256.0,133.0,123.0,572.0,266.0,306.0,620.0,285.0,335.0,1487.0,690.0,797.0,0.71,0.53
287,2005,臺中市,2211.0,1016.0,1195.0,6311.0,2910.0,3401.0,75.0,54.0,21.0,76.0,54.0,22.0,320.0,147.0,173.0,932.0,427.0,505.0,1816.0,815.0,1001.0,5303.0,2429.0,2874.0,0.64,0.61
288,2005,嘉義市,1388.0,726.0,662.0,3406.0,1710.0,1696.0,81.0,48.0,33.0,83.0,49.0,34.0,436.0,229.0,207.0,800.0,377.0,423.0,871.0,449.0,422.0,2523.0,1284.0,1239.0,1.58,1.25
289,2005,臺南市,2295.0,1143.0,1152.0,5770.0,2616.0,3154.0,55.0,34.0,21.0,60.0,37.0,23.0,639.0,332.0,307.0,1217.0,601.0,616.0,1601.0,777.0,824.0,4493.0,1978.0,2515.0,0.92,0.76
290,2005,臺 北 市,13008.0,7179.0,5829.0,32146.0,16665.0,15481.0,2047.0,1532.0,515.0,2129.0,1585.0,544.0,2939.0,1569.0,1370.0,7043.0,3461.0,3582.0,8022.0,4078.0,3944.0,22974.0,11619.0,11355.0,1.39,1.23
291,2005,高 雄 市,7342.0,3445.0,3897.0,17442.0,8052.0,9390.0,185.0,128.0,57.0,199.0,133.0,66.0,3303.0,1618.0,1685.0,7171.0,3486.0,3685.0,3854.0,1699.0,2155.0,10072.0,4433.0,5639.0,1.35,1.15
292,2005,金門縣,311.0,158.0,153.0,737.0,376.0,361.0,3.0,1.0,2.0,7.0,4.0,3.0,139.0,67.0,72.0,314.0,165.0,149.0,169.0,90.0,79.0,416.0,207.0,209.0,1.14,1.05
293,2005,連江縣,44.0,24.0,20.0,75.0,42.0,33.0,23.0,16.0,7.0,23.0,16.0,7.0,13.0,5.0,8.0,34.0,17.0,17.0,8.0,3.0,5.0,18.0,9.0,9.0,2.42,0.72
294,2004,全國,82783.0,44606.0,38177.0,204216.0,101366.0,102850.0,3665.0,2540.0,1125.0,4014.0,2725.0,1289.0,21220.0,11584.0,9636.0,46659.0,23401.0,23258.0,57898.0,30482.0,27416.0,153543.0,75240.0,78303.0,1.15,0.9
295,2004,臺北縣,8560.0,3989.0,4571.0,22396.0,10278.0,12118.0,230.0,137.0,93.0,260.0,153.0,107.0,1621.0,763.0,858.0,3283.0,1545.0,1738.0,6709.0,3089.0,3620.0,18853.0,8580.0,10273.0,0.69,0.6
296,2004,宜蘭縣,2663.0,1541.0,1122.0,6462.0,3222.0,3240.0,48.0,36.0,12.0,52.0,37.0,15.0,352.0,221.0,131.0,854.0,440.0,414.0,2263.0,1284.0,979.0,5556.0,2745.0,2811.0,1.89,1.4
297,2004,桃園縣,3132.0,1626.0,1506.0,8122.0,3842.0,4280.0,88.0,62.0,26.0,95.0,68.0,27.0,722.0,388.0,334.0,1560.0,756.0,804.0,2322.0,1176.0,1146.0,6467.0,3018.0,3449.0,0.55,0.44
298,2004,新竹縣,949.0,469.0,480.0,2722.0,1331.0,1391.0,68.0,38.0,30.0,69.0,39.0,30.0,459.0,229.0,230.0,1122.0,559.0,563.0,422.0,202.0,220.0,1531.0,733.0,798.0,0.72,0.58
299,2004,苗栗縣,1763.0,1062.0,701.0,4043.0,2064.0,1979.0,11.0,7.0,4.0,11.0,7.0,4.0,339.0,219.0,120.0,745.0,380.0,365.0,1413.0,836.0,577.0,3287.0,1677.0,1610.0,1.13,0.72
300,2004,臺中縣,2202.0,1101.0,1101.0,5165.0,2550.0,2615.0,7.0,4.0,3.0,8.0,6.0,2.0,191.0,95.0,96.0,503.0,265.0,238.0,2004.0,1002.0,1002.0,4654.0,2279.0,2375.0,0.52,0.34
301,2004,彰化縣,4063.0,1990.0,2073.0,8388.0,4273.0,4115.0,9.0,4.0,5.0,9.0,4.0,5.0,355.0,174.0,181.0,831.0,406.0,425.0,3699.0,1812.0,1887.0,7548.0,3863.0,3685.0,1.21,0.64
302,2004,南投縣,3086.0,1800.0,1286.0,7819.0,3883.0,3936.0,44.0,37.0,7.0,45.0,38.0,7.0,511.0,314.0,197.0,976.0,516.0,460.0,2531.0,1449.0,1082.0,6798.0,3329.0,3469.0,1.94,1.45
303,2004,雲林縣,3870.0,1978.0,1892.0,9687.0,4922.0,4765.0,55.0,29.0,26.0,56.0,29.0,27.0,1483.0,749.0,734.0,3406.0,1696.0,1710.0,2332.0,1200.0,1132.0,6225.0,3197.0,3028.0,1.84,1.31
304,2004,嘉義縣,1933.0,1254.0,679.0,4939.0,2527.0,2412.0,44.0,33.0,11.0,46.0,32.0,14.0,350.0,221.0,129.0,696.0,356.0,340.0,1539.0,1000.0,539.0,4197.0,2139.0,2058.0,1.19,0.89
305,2004,臺南縣,2426.0,2092.0,334.0,4530.0,2494.0,2036.0,60.0,42.0,18.0,60.0,42.0,18.0,655.0,543.0,112.0,1007.0,575.0,432.0,1711.0,1507.0,204.0,3463.0,1877.0,1586.0,0.71,0.41
306,2004,高雄縣,2989.0,1842.0,1147.0,6834.0,3676.0,3158.0,102.0,75.0,27.0,108.0,79.0,29.0,825.0,540.0,285.0,1578.0,882.0,696.0,2062.0,1227.0,835.0,5148.0,2715.0,2433.0,0.75,0.55
307,2004,屏東縣,5880.0,3531.0,2349.0,14464.0,7428.0,7036.0,138.0,102.0,36.0,143.0,102.0,41.0,1361.0,869.0,492.0,2883.0,1587.0,1296.0,4381.0,2560.0,1821.0,11438.0,5739.0,5699.0,2.26,1.61
308,2004,臺東縣,3781.0,1896.0,1885.0,11585.0,5748.0,5837.0,230.0,142.0,88.0,296.0,183.0,113.0,1254.0,637.0,617.0,3474.0,1763.0,1711.0,2297.0,1117.0,1180.0,7815.0,3802.0,4013.0,4.94,4.82
309,2004,花蓮縣,3697.0,2030.0,1667.0,8986.0,4531.0,4455.0,26.0,17.0,9.0,26.0,17.0,9.0,596.0,336.0,260.0,1272.0,653.0,619.0,3075.0,1677.0,1398.0,7688.0,3861.0,3827.0,3.27,2.57
310,2004,澎湖縣,1365.0,868.0,497.0,3338.0,1709.0,1629.0,419.0,266.0,153.0,531.0,311.0,220.0,420.0,286.0,134.0,1201.0,611.0,590.0,526.0,316.0,210.0,1606.0,787.0,819.0,4.66,3.64
311,2004,基隆市,1138.0,521.0,617.0,2404.0,1142.0,1262.0,15.0,11.0,4.0,19.0,12.0,7.0,439.0,210.0,229.0,775.0,362.0,413.0,684.0,300.0,384.0,1610.0,768.0,842.0,0.82,0.61
312,2004,新竹市,802.0,397.0,405.0,1684.0,814.0,870.0,18.0,11.0,7.0,21.0,13.0,8.0,203.0,98.0,105.0,406.0,197.0,209.0,581.0,288.0,293.0,1257.0,604.0,653.0,0.65,0.44
313,2004,臺中市,1773.0,725.0,1048.0,5110.0,2144.0,2966.0,72.0,34.0,38.0,72.0,34.0,38.0,273.0,122.0,151.0,772.0,348.0,424.0,1428.0,569.0,859.0,4266.0,1762.0,2504.0,0.52,0.5
314,2004,嘉義市,1169.0,634.0,535.0,2831.0,1453.0,1378.0,73.0,46.0,27.0,74.0,47.0,27.0,374.0,206.0,168.0,671.0,346.0,325.0,722.0,382.0,340.0,2086.0,1060.0,1026.0,1.36,1.05
315,2004,臺南市,1960.0,910.0,1050.0,5148.0,2324.0,2824.0,43.0,29.0,14.0,48.0,30.0,18.0,493.0,275.0,218.0,913.0,441.0,472.0,1424.0,606.0,818.0,4187.0,1853.0,2334.0,0.79,0.68
316,2004,臺 北 市,15970.0,8763.0,7207.0,40184.0,20916.0,19268.0,1618.0,1215.0,403.0,1689.0,1259.0,430.0,4453.0,2388.0,2065.0,10520.0,5186.0,5334.0,9899.0,5160.0,4739.0,27975.0,14471.0,13504.0,1.73,1.53
317,2004,高 雄 市,7275.0,3416.0,3859.0,16557.0,7680.0,8877.0,217.0,143.0,74.0,240.0,159.0,81.0,3326.0,1630.0,1696.0,6818.0,3341.0,3477.0,3732.0,1643.0,2089.0,9499.0,4180.0,5319.0,1.35,1.09
318,2004,金門縣,302.0,151.0,151.0,767.0,384.0,383.0,4.0,2.0,2.0,8.0,5.0,3.0,158.0,70.0,88.0,374.0,181.0,193.0,140.0,79.0,61.0,385.0,198.0,187.0,1.16,1.19
319,2004,連江縣,35.0,20.0,15.0,51.0,31.0,20.0,26.0,18.0,8.0,28.0,19.0,9.0,7.0,1.0,6.0,19.0,9.0,10.0,2.0,1.0,1.0,4.0,3.0,1.0,2.01,0.54
320,2003,全國,76406.0,40247.0,36159.0,187875.0,92793.0,95082.0,3702.0,2388.0,1314.0,4175.0,2680.0,1495.0,21219.0,11150.0,10069.0,46762.0,23593.0,23169.0,51485.0,26709.0,24776.0,136938.0,66520.0,70418.0,1.08,0.83
321,2003,臺北縣,8027.0,3728.0,4299.0,20579.0,9491.0,11088.0,322.0,188.0,134.0,377.0,220.0,157.0,1728.0,807.0,921.0,3571.0,1667.0,1904.0,5977.0,2733.0,3244.0,16631.0,7604.0,9027.0,0.66,0.56
322,2003,宜蘭縣,2408.0,1415.0,993.0,5794.0,2927.0,2867.0,51.0,36.0,15.0,52.0,36.0,16.0,359.0,229.0,130.0,817.0,461.0,356.0,1998.0,1150.0,848.0,4925.0,2430.0,2495.0,1.75,1.25
323,2003,桃園縣,3532.0,1413.0,2119.0,9191.0,3677.0,5514.0,149.0,60.0,89.0,159.0,64.0,95.0,1058.0,423.0,635.0,2444.0,978.0,1466.0,2325.0,930.0,1395.0,6588.0,2635.0,3953.0,0.64,0.5
324,2003,新竹縣,812.0,436.0,376.0,2287.0,1213.0,1074.0,74.0,46.0,28.0,79.0,49.0,30.0,370.0,198.0,172.0,860.0,461.0,399.0,368.0,192.0,176.0,1348.0,703.0,645.0,0.64,0.5
325,2003,苗栗縣,1549.0,932.0,617.0,3376.0,1773.0,1603.0,22.0,14.0,8.0,22.0,14.0,8.0,346.0,221.0,125.0,642.0,374.0,268.0,1181.0,697.0,484.0,2712.0,1385.0,1327.0,1.01,0.6
326,2003,臺中縣,2076.0,1121.0,955.0,4933.0,2656.0,2277.0,9.0,8.0,1.0,10.0,9.0,1.0,214.0,117.0,97.0,476.0,257.0,219.0,1853.0,996.0,857.0,4447.0,2390.0,2057.0,0.5,0.32
327,2003,彰化縣,3890.0,1966.0,1924.0,8413.0,4250.0,4163.0,11.0,6.0,5.0,11.0,6.0,5.0,438.0,211.0,227.0,999.0,481.0,518.0,3441.0,1749.0,1692.0,7403.0,3763.0,3640.0,1.17,0.64
328,2003,南投縣,3108.0,1835.0,1273.0,8054.0,4015.0,4039.0,60.0,48.0,12.0,63.0,50.0,13.0,640.0,390.0,250.0,1244.0,655.0,589.0,2408.0,1397.0,1011.0,6747.0,3310.0,3437.0,1.98,1.49
329,2003,雲林縣,3832.0,1975.0,1857.0,9358.0,4807.0,4551.0,53.0,28.0,25.0,53.0,28.0,25.0,1568.0,796.0,772.0,3945.0,1988.0,1957.0,2211.0,1151.0,1060.0,5360.0,2791.0,2569.0,1.84,1.26
330,2003,嘉義縣,2083.0,1330.0,753.0,5335.0,2757.0,2578.0,51.0,36.0,15.0,55.0,37.0,18.0,450.0,273.0,177.0,941.0,469.0,472.0,1582.0,1021.0,561.0,4339.0,2251.0,2088.0,1.3,0.95
331,2003,臺南縣,2439.0,1487.0,952.0,4743.0,2546.0,2197.0,89.0,63.0,26.0,94.0,65.0,29.0,814.0,466.0,348.0,1285.0,728.0,557.0,1536.0,958.0,578.0,3364.0,1753.0,1611.0,0.72,0.43
332,2003,高雄縣,2696.0,1630.0,1066.0,5639.0,2994.0,2645.0,116.0,83.0,33.0,120.0,86.0,34.0,760.0,493.0,267.0,1413.0,785.0,628.0,1820.0,1054.0,766.0,4106.0,2123.0,1983.0,0.69,0.46
333,2003,屏東縣,5184.0,3067.0,2117.0,11836.0,6239.0,5597.0,143.0,102.0,41.0,146.0,103.0,43.0,1242.0,800.0,442.0,2515.0,1426.0,1089.0,3799.0,2165.0,1634.0,9175.0,4710.0,4465.0,2.02,1.31
334,2003,臺東縣,3504.0,1790.0,1714.0,10735.0,5439.0,5296.0,225.0,139.0,86.0,293.0,181.0,112.0,1131.0,568.0,563.0,3063.0,1538.0,1525.0,2148.0,1083.0,1065.0,7379.0,3720.0,3659.0,4.65,4.42
335,2003,花蓮縣,3649.0,1959.0,1690.0,9356.0,4588.0,4768.0,32.0,21.0,11.0,32.0,21.0,11.0,685.0,342.0,343.0,1429.0,721.0,708.0,2932.0,1596.0,1336.0,7895.0,3846.0,4049.0,3.29,2.66
336,2003,澎湖縣,1341.0,667.0,674.0,3397.0,1725.0,1672.0,480.0,240.0,240.0,674.0,377.0,297.0,453.0,233.0,220.0,1421.0,730.0,691.0,408.0,194.0,214.0,1302.0,618.0,684.0,4.63,3.68
337,2003,基隆市,1043.0,453.0,590.0,2246.0,1027.0,1219.0,14.0,11.0,3.0,16.0,12.0,4.0,430.0,187.0,243.0,779.0,341.0,438.0,599.0,255.0,344.0,1451.0,674.0,777.0,0.76,0.57
338,2003,新竹市,731.0,346.0,385.0,1580.0,753.0,827.0,23.0,13.0,10.0,27.0,15.0,12.0,203.0,96.0,107.0,389.0,184.0,205.0,505.0,237.0,268.0,1164.0,554.0,610.0,0.6,0.41
339,2003,臺中市,1375.0,618.0,757.0,3798.0,1709.0,2089.0,70.0,31.0,39.0,70.0,31.0,39.0,252.0,113.0,139.0,715.0,322.0,393.0,1053.0,474.0,579.0,3013.0,1356.0,1657.0,0.41,0.38
340,2003,嘉義市,1081.0,578.0,503.0,2657.0,1343.0,1314.0,77.0,44.0,33.0,80.0,45.0,35.0,352.0,201.0,151.0,653.0,365.0,288.0,652.0,333.0,319.0,1924.0,933.0,991.0,1.28,0.99
341,2003,臺南市,1763.0,812.0,951.0,4812.0,2186.0,2626.0,52.0,27.0,25.0,57.0,30.0,27.0,481.0,242.0,239.0,903.0,455.0,448.0,1230.0,543.0,687.0,3852.0,1701.0,2151.0,0.73,0.64
342,2003,臺 北 市,13115.0,7299.0,5816.0,33071.0,16886.0,16185.0,1318.0,971.0,347.0,1386.0,1004.0,382.0,3931.0,2129.0,1802.0,9334.0,4819.0,4515.0,7866.0,4199.0,3667.0,22351.0,11063.0,11288.0,1.43,1.26
343,2003,高 雄 市,6832.0,3219.0,3613.0,15859.0,7374.0,8485.0,235.0,155.0,80.0,265.0,175.0,90.0,3138.0,1538.0,1600.0,6526.0,3198.0,3328.0,3459.0,1526.0,1933.0,9068.0,4001.0,5067.0,1.3,1.05
344,2003,金門縣,299.0,150.0,149.0,765.0,383.0,382.0,6.0,3.0,3.0,12.0,6.0,6.0,164.0,74.0,90.0,373.0,178.0,195.0,129.0,73.0,56.0,380.0,199.0,181.0,1.55,1.25
345,2003,連江縣,37.0,21.0,16.0,61.0,35.0,26.0,20.0,15.0,5.0,22.0,16.0,6.0,12.0,3.0,9.0,25.0,12.0,13.0,5.0,3.0,2.0,14.0,7.0,7.0,2.21,0.69
346,2002,全國,70417.0,0.0,0.0,171200.0,0.0,0.0,3648.0,0.0,0.0,4064.0,0.0,0.0,20987.0,0.0,0.0,45454.0,0.0,0.0,45782.0,0.0,0.0,121682.0,0.0,0.0,1.02,0.76
347,2002,臺北縣,8261.0,0.0,0.0,20741.0,0.0,0.0,376.0,0.0,0.0,452.0,0.0,0.0,1901.0,0.0,0.0,4106.0,0.0,0.0,5984.0,0.0,0.0,16183.0,0.0,0.0,0.69,0.57
348,2002,宜蘭縣,1881.0,0.0,0.0,5094.0,0.0,0.0,54.0,0.0,0.0,54.0,0.0,0.0,335.0,0.0,0.0,1134.0,0.0,0.0,1492.0,0.0,0.0,3906.0,0.0,0.0,1.38,1.1
349,2002,桃園縣,3287.0,0.0,0.0,8483.0,0.0,0.0,168.0,0.0,0.0,175.0,0.0,0.0,1135.0,0.0,0.0,2574.0,0.0,0.0,1984.0,0.0,0.0,5734.0,0.0,0.0,0.61,0.47
350,2002,新竹縣,743.0,0.0,0.0,1944.0,0.0,0.0,72.0,0.0,0.0,76.0,0.0,0.0,319.0,0.0,0.0,709.0,0.0,0.0,352.0,0.0,0.0,1159.0,0.0,0.0,0.6,0.43
351,2002,苗栗縣,1443.0,0.0,0.0,3223.0,0.0,0.0,54.0,0.0,0.0,55.0,0.0,0.0,403.0,0.0,0.0,693.0,0.0,0.0,986.0,0.0,0.0,2475.0,0.0,0.0,0.96,0.57
352,2002,臺中縣,2097.0,0.0,0.0,5306.0,0.0,0.0,16.0,0.0,0.0,17.0,0.0,0.0,316.0,0.0,0.0,886.0,0.0,0.0,1765.0,0.0,0.0,4403.0,0.0,0.0,0.51,0.35
353,2002,彰化縣,3473.0,0.0,0.0,7452.0,0.0,0.0,17.0,0.0,0.0,17.0,0.0,0.0,517.0,0.0,0.0,1198.0,0.0,0.0,2939.0,0.0,0.0,6237.0,0.0,0.0,1.06,0.57
354,2002,南投縣,3025.0,0.0,0.0,8116.0,0.0,0.0,84.0,0.0,0.0,86.0,0.0,0.0,819.0,0.0,0.0,1722.0,0.0,0.0,2122.0,0.0,0.0,6308.0,0.0,0.0,1.95,1.5
355,2002,雲林縣,3011.0,0.0,0.0,8061.0,0.0,0.0,39.0,0.0,0.0,39.0,0.0,0.0,1217.0,0.0,0.0,3174.0,0.0,0.0,1755.0,0.0,0.0,4848.0,0.0,0.0,1.46,1.09
356,2002,嘉義縣,1872.0,0.0,0.0,4739.0,0.0,0.0,52.0,0.0,0.0,53.0,0.0,0.0,455.0,0.0,0.0,916.0,0.0,0.0,1365.0,0.0,0.0,3770.0,0.0,0.0,1.18,0.84
357,2002,臺南縣,2297.0,0.0,0.0,4399.0,0.0,0.0,99.0,0.0,0.0,107.0,0.0,0.0,886.0,0.0,0.0,1383.0,0.0,0.0,1312.0,0.0,0.0,2909.0,0.0,0.0,0.69,0.4
358,2002,高雄縣,2394.0,0.0,0.0,4853.0,0.0,0.0,129.0,0.0,0.0,129.0,0.0,0.0,719.0,0.0,0.0,1294.0,0.0,0.0,1546.0,0.0,0.0,3430.0,0.0,0.0,0.62,0.39
359,2002,屏東縣,5230.0,0.0,0.0,12355.0,0.0,0.0,184.0,0.0,0.0,187.0,0.0,0.0,1302.0,0.0,0.0,2585.0,0.0,0.0,3744.0,0.0,0.0,9583.0,0.0,0.0,2.06,1.36
360,2002,臺東縣,2549.0,0.0,0.0,8332.0,0.0,0.0,163.0,0.0,0.0,208.0,0.0,0.0,872.0,0.0,0.0,2092.0,0.0,0.0,1514.0,0.0,0.0,6032.0,0.0,0.0,3.43,3.42
361,2002,花蓮縣,3176.0,0.0,0.0,8990.0,0.0,0.0,54.0,0.0,0.0,56.0,0.0,0.0,750.0,0.0,0.0,1788.0,0.0,0.0,2372.0,0.0,0.0,7146.0,0.0,0.0,2.91,2.55
362,2002,澎湖縣,1274.0,0.0,0.0,3065.0,0.0,0.0,441.0,0.0,0.0,602.0,0.0,0.0,424.0,0.0,0.0,1172.0,0.0,0.0,409.0,0.0,0.0,1291.0,0.0,0.0,4.45,3.32
363,2002,基隆市,943.0,0.0,0.0,1818.0,0.0,0.0,8.0,0.0,0.0,10.0,0.0,0.0,444.0,0.0,0.0,771.0,0.0,0.0,491.0,0.0,0.0,1037.0,0.0,0.0,0.7,0.46
364,2002,新竹市,649.0,0.0,0.0,1319.0,0.0,0.0,25.0,0.0,0.0,29.0,0.0,0.0,203.0,0.0,0.0,383.0,0.0,0.0,421.0,0.0,0.0,907.0,0.0,0.0,0.55,0.35
365,2002,臺中市,1032.0,0.0,0.0,2802.0,0.0,0.0,48.0,0.0,0.0,47.0,0.0,0.0,220.0,0.0,0.0,593.0,0.0,0.0,764.0,0.0,0.0,2162.0,0.0,0.0,0.32,0.28
366,2002,嘉義市,923.0,0.0,0.0,2205.0,0.0,0.0,79.0,0.0,0.0,80.0,0.0,0.0,349.0,0.0,0.0,709.0,0.0,0.0,495.0,0.0,0.0,1416.0,0.0,0.0,1.12,0.82
367,2002,臺南市,1608.0,0.0,0.0,4328.0,0.0,0.0,59.0,0.0,0.0,64.0,0.0,0.0,443.0,0.0,0.0,826.0,0.0,0.0,1106.0,0.0,0.0,3438.0,0.0,0.0,0.68,0.58
368,2002,臺 北 市,12073.0,0.0,0.0,27184.0,0.0,0.0,1122.0,0.0,0.0,1182.0,0.0,0.0,3814.0,0.0,0.0,8401.0,0.0,0.0,7137.0,0.0,0.0,17601.0,0.0,0.0,1.33,1.03
369,2002,高 雄 市,6841.0,0.0,0.0,15579.0,0.0,0.0,282.0,0.0,0.0,309.0,0.0,0.0,2956.0,0.0,0.0,5949.0,0.0,0.0,3603.0,0.0,0.0,9321.0,0.0,0.0,1.32,1.03
370,2002,金門縣,305.0,0.0,0.0,781.0,0.0,0.0,8.0,0.0,0.0,14.0,0.0,0.0,175.0,0.0,0.0,383.0,0.0,0.0,122.0,0.0,0.0,384.0,0.0,0.0,1.61,1.33
371,2002,連江縣,30.0,0.0,0.0,31.0,0.0,0.0,15.0,0.0,0.0,16.0,0.0,0.0,13.0,0.0,0.0,13.0,0.0,0.0,2.0,0.0,0.0,2.0,0.0,0.0,1.86,0.35
372,2001,全國,67191.0,0.0,0.0,162699.0,0.0,0.0,4132.0,0.0,0.0,4761.0,0.0,0.0,22461.0,0.0,0.0,49876.0,0.0,0.0,40598.0,0.0,0.0,108062.0,0.0,0.0,0.99,0.73
373,2001,臺北縣,7490.0,0.0,0.0,18351.0,0.0,0.0,432.0,0.0,0.0,570.0,0.0,0.0,2005.0,0.0,0.0,4213.0,0.0,0.0,5053.0,0.0,0.0,13568.0,0.0,0.0,0.64,0.51
374,2001,宜蘭縣,1569.0,0.0,0.0,3447.0,0.0,0.0,55.0,0.0,0.0,58.0,0.0,0.0,294.0,0.0,0.0,906.0,0.0,0.0,1220.0,0.0,0.0,2483.0,0.0,0.0,1.17,0.74
375,2001,桃園縣,3780.0,0.0,0.0,11865.0,0.0,0.0,272.0,0.0,0.0,293.0,0.0,0.0,1367.0,0.0,0.0,3938.0,0.0,0.0,2141.0,0.0,0.0,7634.0,0.0,0.0,0.73,0.67
376,2001,新竹縣,798.0,0.0,0.0,2195.0,0.0,0.0,87.0,0.0,0.0,91.0,0.0,0.0,350.0,0.0,0.0,1102.0,0.0,0.0,361.0,0.0,0.0,1002.0,0.0,0.0,0.67,0.49
377,2001,苗栗縣,1326.0,0.0,0.0,3011.0,0.0,0.0,64.0,0.0,0.0,65.0,0.0,0.0,426.0,0.0,0.0,735.0,0.0,0.0,836.0,0.0,0.0,2211.0,0.0,0.0,0.89,0.54
378,2001,臺中縣,1850.0,0.0,0.0,4620.0,0.0,0.0,23.0,0.0,0.0,26.0,0.0,0.0,357.0,0.0,0.0,996.0,0.0,0.0,1470.0,0.0,0.0,3598.0,0.0,0.0,0.46,0.31
379,2001,彰化縣,3404.0,0.0,0.0,7413.0,0.0,0.0,18.0,0.0,0.0,18.0,0.0,0.0,592.0,0.0,0.0,1420.0,0.0,0.0,2794.0,0.0,0.0,5975.0,0.0,0.0,1.05,0.56
380,2001,南投縣,2745.0,0.0,0.0,7400.0,0.0,0.0,119.0,0.0,0.0,122.0,0.0,0.0,912.0,0.0,0.0,1978.0,0.0,0.0,1714.0,0.0,0.0,5300.0,0.0,0.0,1.79,1.37
381,2001,雲林縣,2811.0,0.0,0.0,7373.0,0.0,0.0,52.0,0.0,0.0,53.0,0.0,0.0,1133.0,0.0,0.0,2934.0,0.0,0.0,1626.0,0.0,0.0,4386.0,0.0,0.0,1.38,0.99
382,2001,嘉義縣,1785.0,0.0,0.0,4530.0,0.0,0.0,71.0,0.0,0.0,75.0,0.0,0.0,457.0,0.0,0.0,918.0,0.0,0.0,1257.0,0.0,0.0,3537.0,0.0,0.0,1.13,0.8
383,2001,臺南縣,2085.0,0.0,0.0,4100.0,0.0,0.0,95.0,0.0,0.0,103.0,0.0,0.0,858.0,0.0,0.0,1393.0,0.0,0.0,1132.0,0.0,0.0,2604.0,0.0,0.0,0.63,0.37
384,2001,高雄縣,1949.0,0.0,0.0,4285.0,0.0,0.0,116.0,0.0,0.0,118.0,0.0,0.0,679.0,0.0,0.0,1188.0,0.0,0.0,1154.0,0.0,0.0,2979.0,0.0,0.0,0.51,0.35
385,2001,屏東縣,6800.0,0.0,0.0,15882.0,0.0,0.0,337.0,0.0,0.0,356.0,0.0,0.0,2360.0,0.0,0.0,4508.0,0.0,0.0,4103.0,0.0,0.0,11018.0,0.0,0.0,2.7,1.75
386,2001,臺東縣,2718.0,0.0,0.0,7826.0,0.0,0.0,331.0,0.0,0.0,404.0,0.0,0.0,912.0,0.0,0.0,2267.0,0.0,0.0,1475.0,0.0,0.0,5155.0,0.0,0.0,3.68,3.2
387,2001,花蓮縣,2777.0,0.0,0.0,7206.0,0.0,0.0,75.0,0.0,0.0,79.0,0.0,0.0,812.0,0.0,0.0,1917.0,0.0,0.0,1890.0,0.0,0.0,5210.0,0.0,0.0,2.57,2.04
388,2001,澎湖縣,1185.0,0.0,0.0,2768.0,0.0,0.0,427.0,0.0,0.0,589.0,0.0,0.0,416.0,0.0,0.0,1240.0,0.0,0.0,342.0,0.0,0.0,939.0,0.0,0.0,4.19,3.0
389,2001,基隆市,862.0,0.0,0.0,1673.0,0.0,0.0,10.0,0.0,0.0,13.0,0.0,0.0,436.0,0.0,0.0,728.0,0.0,0.0,416.0,0.0,0.0,932.0,0.0,0.0,0.65,0.43
390,2001,新竹市,541.0,0.0,0.0,1117.0,0.0,0.0,26.0,0.0,0.0,30.0,0.0,0.0,228.0,0.0,0.0,424.0,0.0,0.0,287.0,0.0,0.0,663.0,0.0,0.0,0.47,0.3
391,2001,臺中市,809.0,0.0,0.0,2075.0,0.0,0.0,36.0,0.0,0.0,38.0,0.0,0.0,158.0,0.0,0.0,380.0,0.0,0.0,615.0,0.0,0.0,1657.0,0.0,0.0,0.25,0.21
392,2001,嘉義市,883.0,0.0,0.0,2160.0,0.0,0.0,87.0,0.0,0.0,91.0,0.0,0.0,349.0,0.0,0.0,696.0,0.0,0.0,447.0,0.0,0.0,1373.0,0.0,0.0,1.09,0.81
393,2001,臺南市,1489.0,0.0,0.0,3789.0,0.0,0.0,69.0,0.0,0.0,77.0,0.0,0.0,450.0,0.0,0.0,910.0,0.0,0.0,970.0,0.0,0.0,2802.0,0.0,0.0,0.64,0.51
394,2001,臺 北 市,11021.0,0.0,0.0,24760.0,0.0,0.0,1025.0,0.0,0.0,1118.0,0.0,0.0,4145.0,0.0,0.0,9348.0,0.0,0.0,5851.0,0.0,0.0,14294.0,0.0,0.0,1.23,0.94
395,2001,高 雄 市,6148.0,0.0,0.0,13968.0,0.0,0.0,276.0,0.0,0.0,322.0,0.0,0.0,2556.0,0.0,0.0,5292.0,0.0,0.0,3316.0,0.0,0.0,8354.0,0.0,0.0,1.21,0.93
396,2001,金門縣,337.0,0.0,0.0,853.0,0.0,0.0,11.0,0.0,0.0,31.0,0.0,0.0,200.0,0.0,0.0,436.0,0.0,0.0,126.0,0.0,0.0,386.0,0.0,0.0,1.82,1.5
397,2001,連江縣,29.0,0.0,0.0,32.0,0.0,0.0,18.0,0.0,0.0,21.0,0.0,0.0,9.0,0.0,0.0,9.0,0.0,0.0,2.0,0.0,0.0,2.0,0.0,0.0,1.85,0.36
398,2000,全國,66467.0,0.0,0.0,156134.0,0.0,0.0,4983.0,0.0,0.0,5778.0,0.0,0.0,24470.0,0.0,0.0,52630.0,0.0,0.0,37014.0,0.0,0.0,97726.0,0.0,0.0,0.99,0.7
399,2000,臺北縣,7177.0,0.0,0.0,17196.0,0.0,0.0,606.0,0.0,0.0,741.0,0.0,0.0,2275.0,0.0,0.0,4852.0,0.0,0.0,4296.0,0.0,0.0,11603.0,0.0,0.0,0.63,0.48
400,2000,宜蘭縣,1866.0,0.0,0.0,5054.0,0.0,0.0,76.0,0.0,0.0,76.0,0.0,0.0,492.0,0.0,0.0,1472.0,0.0,0.0,1298.0,0.0,0.0,3506.0,0.0,0.0,1.4,1.09
401,2000,桃園縣,3833.0,0.0,0.0,9571.0,0.0,0.0,328.0,0.0,0.0,368.0,0.0,0.0,1393.0,0.0,0.0,3374.0,0.0,0.0,2112.0,0.0,0.0,5829.0,0.0,0.0,0.76,0.55
402,2000,新竹縣,807.0,0.0,0.0,1989.0,0.0,0.0,85.0,0.0,0.0,98.0,0.0,0.0,368.0,0.0,0.0,971.0,0.0,0.0,354.0,0.0,0.0,920.0,0.0,0.0,0.7,0.45
403,2000,苗栗縣,1335.0,0.0,0.0,2922.0,0.0,0.0,82.0,0.0,0.0,85.0,0.0,0.0,479.0,0.0,0.0,902.0,0.0,0.0,774.0,0.0,0.0,1935.0,0.0,0.0,0.91,0.52
404,2000,臺中縣,1761.0,0.0,0.0,4215.0,0.0,0.0,22.0,0.0,0.0,25.0,0.0,0.0,439.0,0.0,0.0,1088.0,0.0,0.0,1300.0,0.0,0.0,3102.0,0.0,0.0,0.44,0.28
405,2000,彰化縣,3398.0,0.0,0.0,7527.0,0.0,0.0,30.0,0.0,0.0,30.0,0.0,0.0,760.0,0.0,0.0,1775.0,0.0,0.0,2608.0,0.0,0.0,5722.0,0.0,0.0,1.07,0.57
406,2000,南投縣,2430.0,0.0,0.0,6430.0,0.0,0.0,196.0,0.0,0.0,203.0,0.0,0.0,952.0,0.0,0.0,2159.0,0.0,0.0,1282.0,0.0,0.0,4068.0,0.0,0.0,1.61,1.19
407,2000,雲林縣,2449.0,0.0,0.0,5846.0,0.0,0.0,60.0,0.0,0.0,64.0,0.0,0.0,840.0,0.0,0.0,1871.0,0.0,0.0,1549.0,0.0,0.0,3911.0,0.0,0.0,1.22,0.79
408,2000,嘉義縣,1820.0,0.0,0.0,4424.0,0.0,0.0,80.0,0.0,0.0,83.0,0.0,0.0,455.0,0.0,0.0,929.0,0.0,0.0,1285.0,0.0,0.0,3412.0,0.0,0.0,1.17,0.79
409,2000,臺南縣,2152.0,0.0,0.0,4395.0,0.0,0.0,156.0,0.0,0.0,164.0,0.0,0.0,997.0,0.0,0.0,1674.0,0.0,0.0,999.0,0.0,0.0,2557.0,0.0,0.0,0.66,0.4
410,2000,高雄縣,2746.0,0.0,0.0,6387.0,0.0,0.0,207.0,0.0,0.0,219.0,0.0,0.0,1043.0,0.0,0.0,2020.0,0.0,0.0,1496.0,0.0,0.0,4148.0,0.0,0.0,0.73,0.52
411,2000,屏東縣,6940.0,0.0,0.0,13907.0,0.0,0.0,462.0,0.0,0.0,478.0,0.0,0.0,2838.0,0.0,0.0,4549.0,0.0,0.0,3640.0,0.0,0.0,8880.0,0.0,0.0,2.79,1.53
412,2000,臺東縣,2531.0,0.0,0.0,6842.0,0.0,0.0,320.0,0.0,0.0,399.0,0.0,0.0,826.0,0.0,0.0,1878.0,0.0,0.0,1385.0,0.0,0.0,4565.0,0.0,0.0,3.47,2.79
413,2000,花蓮縣,2657.0,0.0,0.0,6742.0,0.0,0.0,114.0,0.0,0.0,124.0,0.0,0.0,882.0,0.0,0.0,2163.0,0.0,0.0,1661.0,0.0,0.0,4455.0,0.0,0.0,2.5,1.91
414,2000,澎湖縣,1148.0,0.0,0.0,2801.0,0.0,0.0,444.0,0.0,0.0,669.0,0.0,0.0,401.0,0.0,0.0,1148.0,0.0,0.0,303.0,0.0,0.0,984.0,0.0,0.0,4.15,3.13
415,2000,基隆市,825.0,0.0,0.0,1642.0,0.0,0.0,7.0,0.0,0.0,8.0,0.0,0.0,431.0,0.0,0.0,723.0,0.0,0.0,387.0,0.0,0.0,911.0,0.0,0.0,0.64,0.42
416,2000,新竹市,511.0,0.0,0.0,995.0,0.0,0.0,35.0,0.0,0.0,39.0,0.0,0.0,247.0,0.0,0.0,480.0,0.0,0.0,229.0,0.0,0.0,476.0,0.0,0.0,0.46,0.27
417,2000,臺中市,711.0,0.0,0.0,1841.0,0.0,0.0,49.0,0.0,0.0,52.0,0.0,0.0,197.0,0.0,0.0,513.0,0.0,0.0,465.0,0.0,0.0,1276.0,0.0,0.0,0.23,0.19
418,2000,嘉義市,718.0,0.0,0.0,1822.0,0.0,0.0,78.0,0.0,0.0,84.0,0.0,0.0,286.0,0.0,0.0,561.0,0.0,0.0,354.0,0.0,0.0,1177.0,0.0,0.0,0.9,0.68
419,2000,臺南市,1456.0,0.0,0.0,3612.0,0.0,0.0,79.0,0.0,0.0,89.0,0.0,0.0,479.0,0.0,0.0,949.0,0.0,0.0,898.0,0.0,0.0,2574.0,0.0,0.0,0.64,0.49
420,2000,臺 北 市,9773.0,0.0,0.0,22706.0,0.0,0.0,1046.0,0.0,0.0,1159.0,0.0,0.0,4106.0,0.0,0.0,9637.0,0.0,0.0,4621.0,0.0,0.0,11910.0,0.0,0.0,1.1,0.86
421,2000,高 雄 市,6937.0,0.0,0.0,16044.0,0.0,0.0,359.0,0.0,0.0,415.0,0.0,0.0,2963.0,0.0,0.0,6157.0,0.0,0.0,3615.0,0.0,0.0,9472.0,0.0,0.0,1.39,1.08
422,2000,金門縣,456.0,0.0,0.0,1193.0,0.0,0.0,44.0,0.0,0.0,87.0,0.0,0.0,312.0,0.0,0.0,776.0,0.0,0.0,100.0,0.0,0.0,330.0,0.0,0.0,2.54,2.22
423,2000,連江縣,30.0,0.0,0.0,31.0,0.0,0.0,18.0,0.0,0.0,19.0,0.0,0.0,9.0,0.0,0.0,9.0,0.0,0.0,3.0,0.0,0.0,3.0,0.0,0.0,1.99,0.46
424,1999,全國,58310.0,0.0,0.0,136691.0,0.0,0.0,4980.0,0.0,0.0,5769.0,0.0,0.0,21357.0,0.0,0.0,47064.0,0.0,0.0,31973.0,0.0,0.0,83858.0,0.0,0.0,0.89,0.62
425,1999,臺北縣,6211.0,0.0,0.0,14386.0,0.0,0.0,594.0,0.0,0.0,720.0,0.0,0.0,1957.0,0.0,0.0,3978.0,0.0,0.0,3660.0,0.0,0.0,9688.0,0.0,0.0,0.56,0.41
426,1999,宜蘭縣,1601.0,0.0,0.0,3938.0,0.0,0.0,81.0,0.0,0.0,87.0,0.0,0.0,359.0,0.0,0.0,903.0,0.0,0.0,1161.0,0.0,0.0,2948.0,0.0,0.0,1.23,0.85
427,1999,桃園縣,3389.0,0.0,0.0,8444.0,0.0,0.0,344.0,0.0,0.0,383.0,0.0,0.0,1240.0,0.0,0.0,2990.0,0.0,0.0,1805.0,0.0,0.0,5071.0,0.0,0.0,0.7,0.5
428,1999,新竹縣,693.0,0.0,0.0,1635.0,0.0,0.0,72.0,0.0,0.0,81.0,0.0,0.0,322.0,0.0,0.0,810.0,0.0,0.0,299.0,0.0,0.0,744.0,0.0,0.0,0.62,0.38
429,1999,苗栗縣,1213.0,0.0,0.0,2572.0,0.0,0.0,81.0,0.0,0.0,84.0,0.0,0.0,451.0,0.0,0.0,823.0,0.0,0.0,681.0,0.0,0.0,1665.0,0.0,0.0,0.85,0.46
430,1999,臺中縣,1542.0,0.0,0.0,3729.0,0.0,0.0,23.0,0.0,0.0,27.0,0.0,0.0,358.0,0.0,0.0,901.0,0.0,0.0,1161.0,0.0,0.0,2801.0,0.0,0.0,0.4,0.25
431,1999,彰化縣,3086.0,0.0,0.0,6598.0,0.0,0.0,31.0,0.0,0.0,31.0,0.0,0.0,709.0,0.0,0.0,1620.0,0.0,0.0,2346.0,0.0,0.0,4947.0,0.0,0.0,0.99,0.51
432,1999,南投縣,2033.0,0.0,0.0,5204.0,0.0,0.0,188.0,0.0,0.0,195.0,0.0,0.0,831.0,0.0,0.0,1843.0,0.0,0.0,1014.0,0.0,0.0,3166.0,0.0,0.0,1.38,0.96
433,1999,雲林縣,2296.0,0.0,0.0,5769.0,0.0,0.0,56.0,0.0,0.0,59.0,0.0,0.0,711.0,0.0,0.0,1827.0,0.0,0.0,1529.0,0.0,0.0,3883.0,0.0,0.0,1.17,0.77
434,1999,嘉義縣,1741.0,0.0,0.0,4200.0,0.0,0.0,93.0,0.0,0.0,107.0,0.0,0.0,462.0,0.0,0.0,939.0,0.0,0.0,1186.0,0.0,0.0,3154.0,0.0,0.0,1.14,0.75
435,1999,臺南縣,2048.0,0.0,0.0,4198.0,0.0,0.0,167.0,0.0,0.0,180.0,0.0,0.0,1007.0,0.0,0.0,1697.0,0.0,0.0,874.0,0.0,0.0,2321.0,0.0,0.0,0.64,0.38
436,1999,高雄縣,2724.0,0.0,0.0,6129.0,0.0,0.0,239.0,0.0,0.0,253.0,0.0,0.0,1071.0,0.0,0.0,2053.0,0.0,0.0,1414.0,0.0,0.0,3823.0,0.0,0.0,0.73,0.5
437,1999,屏東縣,5065.0,0.0,0.0,11674.0,0.0,0.0,388.0,0.0,0.0,416.0,0.0,0.0,1795.0,0.0,0.0,3997.0,0.0,0.0,2882.0,0.0,0.0,7261.0,0.0,0.0,2.06,1.28
438,1999,臺東縣,2337.0,0.0,0.0,6319.0,0.0,0.0,350.0,0.0,0.0,429.0,0.0,0.0,777.0,0.0,0.0,1839.0,0.0,0.0,1210.0,0.0,0.0,4051.0,0.0,0.0,3.24,2.55
439,1999,花蓮縣,2194.0,0.0,0.0,5718.0,0.0,0.0,113.0,0.0,0.0,123.0,0.0,0.0,740.0,0.0,0.0,1920.0,0.0,0.0,1341.0,0.0,0.0,3675.0,0.0,0.0,2.09,1.61
440,1999,澎湖縣,1104.0,0.0,0.0,2617.0,0.0,0.0,457.0,0.0,0.0,669.0,0.0,0.0,372.0,0.0,0.0,1057.0,0.0,0.0,275.0,0.0,0.0,891.0,0.0,0.0,4.07,2.94
441,1999,基隆市,734.0,0.0,0.0,1608.0,0.0,0.0,7.0,0.0,0.0,9.0,0.0,0.0,403.0,0.0,0.0,735.0,0.0,0.0,324.0,0.0,0.0,864.0,0.0,0.0,0.58,0.42
442,1999,新竹市,446.0,0.0,0.0,812.0,0.0,0.0,36.0,0.0,0.0,40.0,0.0,0.0,222.0,0.0,0.0,424.0,0.0,0.0,188.0,0.0,0.0,348.0,0.0,0.0,0.41,0.22
443,1999,臺中市,659.0,0.0,0.0,1623.0,0.0,0.0,51.0,0.0,0.0,53.0,0.0,0.0,185.0,0.0,0.0,471.0,0.0,0.0,423.0,0.0,0.0,1099.0,0.0,0.0,0.22,0.17
444,1999,嘉義市,624.0,0.0,0.0,1403.0,0.0,0.0,82.0,0.0,0.0,89.0,0.0,0.0,267.0,0.0,0.0,520.0,0.0,0.0,275.0,0.0,0.0,794.0,0.0,0.0,0.8,0.53
445,1999,臺南市,1256.0,0.0,0.0,3031.0,0.0,0.0,66.0,0.0,0.0,73.0,0.0,0.0,411.0,0.0,0.0,793.0,0.0,0.0,779.0,0.0,0.0,2165.0,0.0,0.0,0.56,0.42
446,1999,臺 北 市,8736.0,0.0,0.0,19843.0,0.0,0.0,1043.0,0.0,0.0,1153.0,0.0,0.0,3744.0,0.0,0.0,8666.0,0.0,0.0,3949.0,0.0,0.0,10024.0,0.0,0.0,0.99,0.75
447,1999,高 雄 市,6093.0,0.0,0.0,14021.0,0.0,0.0,354.0,0.0,0.0,404.0,0.0,0.0,2642.0,0.0,0.0,5503.0,0.0,0.0,3097.0,0.0,0.0,8114.0,0.0,0.0,1.26,0.95
448,1999,金門縣,457.0,0.0,0.0,1191.0,0.0,0.0,47.0,0.0,0.0,86.0,0.0,0.0,312.0,0.0,0.0,746.0,0.0,0.0,98.0,0.0,0.0,359.0,0.0,0.0,2.59,2.3
449,1999,連江縣,28.0,0.0,0.0,29.0,0.0,0.0,17.0,0.0,0.0,18.0,0.0,0.0,9.0,0.0,0.0,9.0,0.0,0.0,2.0,0.0,0.0,2.0,0.0,0.0,1.87,0.44
450,1998,全國,54951.0,0.0,0.0,125426.0,0.0,0.0,5795.0,0.0,0.0,6767.0,0.0,0.0,20696.0,0.0,0.0,45658.0,0.0,0.0,28460.0,0.0,0.0,73001.0,0.0,0.0,0.8626844808162557,0.5719747338075666
451,1998,臺北縣,6012.0,0.0,0.0,12811.0,0.0,0.0,780.0,0.0,0.0,918.0,0.0,0.0,1864.0,0.0,0.0,3826.0,0.0,0.0,3368.0,0.0,0.0,8067.0,0.0,0.0,0.5656931387594835,0.3703003563393016
452,1998,宜蘭縣,1447.0,0.0,0.0,3866.0,0.0,0.0,105.0,0.0,0.0,110.0,0.0,0.0,430.0,0.0,0.0,1190.0,0.0,0.0,912.0,0.0,0.0,2566.0,0.0,0.0,1.1352046820328558,0.8302783128985217
453,1998,桃園縣,3170.0,0.0,0.0,7526.0,0.0,0.0,421.0,0.0,0.0,468.0,0.0,0.0,1230.0,0.0,0.0,3110.0,0.0,0.0,1519.0,0.0,0.0,3948.0,0.0,0.0,0.6802064222644222,0.45584936013916544
454,1998,新竹縣,587.0,0.0,0.0,1289.0,0.0,0.0,62.0,0.0,0.0,66.0,0.0,0.0,281.0,0.0,0.0,616.0,0.0,0.0,244.0,0.0,0.0,607.0,0.0,0.0,0.540053177297526,0.30118229823823545
455,1998,苗栗縣,1216.0,0.0,0.0,2831.0,0.0,0.0,187.0,0.0,0.0,216.0,0.0,0.0,488.0,0.0,0.0,1110.0,0.0,0.0,541.0,0.0,0.0,1505.0,0.0,0.0,0.8695216915629224,0.5056639362123967
456,1998,臺中縣,1414.0,0.0,0.0,3327.0,0.0,0.0,25.0,0.0,0.0,25.0,0.0,0.0,318.0,0.0,0.0,808.0,0.0,0.0,1071.0,0.0,0.0,2494.0,0.0,0.0,0.3727340065742476,0.22669989145388422
457,1998,彰化縣,3094.0,0.0,0.0,6400.0,0.0,0.0,53.0,0.0,0.0,56.0,0.0,0.0,720.0,0.0,0.0,1606.0,0.0,0.0,2321.0,0.0,0.0,4738.0,0.0,0.0,1.0076895768941405,0.49175276822232145
458,1998,南投縣,1893.0,0.0,0.0,4709.0,0.0,0.0,226.0,0.0,0.0,231.0,0.0,0.0,851.0,0.0,0.0,1892.0,0.0,0.0,816.0,0.0,0.0,2586.0,0.0,0.0,1.3093459495351927,0.86265328628951
459,1998,雲林縣,2423.0,0.0,0.0,6110.0,0.0,0.0,87.0,0.0,0.0,95.0,0.0,0.0,878.0,0.0,0.0,2045.0,0.0,0.0,1458.0,0.0,0.0,3970.0,0.0,0.0,1.246719835348598,0.8157597847782696
460,1998,嘉義縣,1578.0,0.0,0.0,3738.0,0.0,0.0,87.0,0.0,0.0,91.0,0.0,0.0,399.0,0.0,0.0,771.0,0.0,0.0,1092.0,0.0,0.0,2876.0,0.0,0.0,1.0520771523245038,0.6607357180860935
461,1998,臺南縣,2283.0,0.0,0.0,4612.0,0.0,0.0,291.0,0.0,0.0,312.0,0.0,0.0,1160.0,0.0,0.0,2076.0,0.0,0.0,832.0,0.0,0.0,2224.0,0.0,0.0,0.7276215730394375,0.41916984013014985
462,1998,高雄縣,2590.0,0.0,0.0,5626.0,0.0,0.0,279.0,0.0,0.0,295.0,0.0,0.0,1088.0,0.0,0.0,2147.0,0.0,0.0,1223.0,0.0,0.0,3184.0,0.0,0.0,0.7121645402551694,0.45848980336932144
463,1998,屏東縣,4584.0,0.0,0.0,10427.0,0.0,0.0,425.0,0.0,0.0,463.0,0.0,0.0,1635.0,0.0,0.0,3493.0,0.0,0.0,2524.0,0.0,0.0,6471.0,0.0,0.0,1.8915260951374906,1.145144639444725
464,1998,臺東縣,2337.0,0.0,0.0,6330.0,0.0,0.0,418.0,0.0,0.0,536.0,0.0,0.0,713.0,0.0,0.0,1794.0,0.0,0.0,1206.0,0.0,0.0,4000.0,0.0,0.0,3.2776538898472674,2.5326382248326578
465,1998,花蓮縣,1898.0,0.0,0.0,4791.0,0.0,0.0,125.0,0.0,0.0,139.0,0.0,0.0,688.0,0.0,0.0,1633.0,0.0,0.0,1085.0,0.0,0.0,3019.0,0.0,0.0,1.8438283238454214,1.3435183860953839
466,1998,澎湖縣,1058.0,0.0,0.0,2536.0,0.0,0.0,503.0,0.0,0.0,730.0,0.0,0.0,289.0,0.0,0.0,912.0,0.0,0.0,266.0,0.0,0.0,894.0,0.0,0.0,3.9592844846942596,2.834691436683322
467,1998,基隆市,709.0,0.0,0.0,1490.0,0.0,0.0,8.0,0.0,0.0,9.0,0.0,0.0,400.0,0.0,0.0,723.0,0.0,0.0,301.0,0.0,0.0,758.0,0.0,0.0,0.5776955731734146,0.3899319058510722
468,1998,新竹市,355.0,0.0,0.0,686.0,0.0,0.0,21.0,0.0,0.0,22.0,0.0,0.0,151.0,0.0,0.0,290.0,0.0,0.0,183.0,0.0,0.0,374.0,0.0,0.0,0.3383240095683748,0.19256518724578447
469,1998,臺中市,639.0,0.0,0.0,1468.0,0.0,0.0,55.0,0.0,0.0,58.0,0.0,0.0,201.0,0.0,0.0,469.0,0.0,0.0,383.0,0.0,0.0,941.0,0.0,0.0,0.2238531467306581,0.15994979232676826
470,1998,嘉義市,642.0,0.0,0.0,1453.0,0.0,0.0,91.0,0.0,0.0,94.0,0.0,0.0,260.0,0.0,0.0,550.0,0.0,0.0,291.0,0.0,0.0,809.0,0.0,0.0,0.8297468109030282,0.5523664702528037
471,1998,臺南市,1093.0,0.0,0.0,2581.0,0.0,0.0,77.0,0.0,0.0,87.0,0.0,0.0,354.0,0.0,0.0,723.0,0.0,0.0,662.0,0.0,0.0,1771.0,0.0,0.0,0.49863366164991624,0.35756242449766706
472,1998,臺 北 市,7684.0,0.0,0.0,17270.0,0.0,0.0,989.0,0.0,0.0,1119.0,0.0,0.0,3461.0,0.0,0.0,8165.0,0.0,0.0,3234.0,0.0,0.0,7986.0,0.0,0.0,0.8834184292305268,0.6541817822305742
473,1998,高 雄 市,5671.0,0.0,0.0,12223.0,0.0,0.0,386.0,0.0,0.0,455.0,0.0,0.0,2458.0,0.0,0.0,4908.0,0.0,0.0,2827.0,0.0,0.0,6860.0,0.0,0.0,1.2059363284331759,0.8358738482201351
474,1998,金門縣,535.0,0.0,0.0,1284.0,0.0,0.0,69.0,0.0,0.0,144.0,0.0,0.0,370.0,0.0,0.0,792.0,0.0,0.0,96.0,0.0,0.0,348.0,0.0,0.0,3.0287590579710146,2.514688601645123
475,1998,連江縣,39.0,0.0,0.0,42.0,0.0,0.0,25.0,0.0,0.0,28.0,0.0,0.0,9.0,0.0,0.0,9.0,0.0,0.0,5.0,0.0,0.0,5.0,0.0,0.0,2.61569416498994,0.6311044327573253
476,1997,全國,49780.0,0.0,0.0,116056.0,0.0,0.0,6544.0,0.0,0.0,7906.0,0.0,0.0,18486.0,0.0,0.0,42852.0,0.0,0.0,24750.0,0.0,0.0,65298.0,0.0,0.0,0.8023411987377229,0.5337671318088297
477,1997,臺北縣,5177.0,0.0,0.0,11079.0,0.0,0.0,828.0,0.0,0.0,972.0,0.0,0.0,1643.0,0.0,0.0,3313.0,0.0,0.0,2706.0,0.0,0.0,6794.0,0.0,0.0,0.5029871236462243,0.32389670036997137
478,1997,宜蘭縣,1549.0,0.0,0.0,4186.0,0.0,0.0,118.0,0.0,0.0,130.0,0.0,0.0,497.0,0.0,0.0,1409.0,0.0,0.0,934.0,0.0,0.0,2647.0,0.0,0.0,1.2495764831157936,0.8971223931264908
479,1997,桃園縣,2694.0,0.0,0.0,6477.0,0.0,0.0,421.0,0.0,0.0,478.0,0.0,0.0,1077.0,0.0,0.0,2872.0,0.0,0.0,1196.0,0.0,0.0,3127.0,0.0,0.0,0.6014789147480665,0.4011840410883813
480,1997,新竹縣,526.0,0.0,0.0,1135.0,0.0,0.0,56.0,0.0,0.0,61.0,0.0,0.0,245.0,0.0,0.0,499.0,0.0,0.0,225.0,0.0,0.0,575.0,0.0,0.0,0.5016881902981516,0.26913528138271514
481,1997,苗栗縣,1104.0,0.0,0.0,2591.0,0.0,0.0,177.0,0.0,0.0,198.0,0.0,0.0,443.0,0.0,0.0,1016.0,0.0,0.0,484.0,0.0,0.0,1377.0,0.0,0.0,0.8074602303894679,0.46239452907499673
482,1997,臺中縣,1336.0,0.0,0.0,3173.0,0.0,0.0,42.0,0.0,0.0,45.0,0.0,0.0,321.0,0.0,0.0,814.0,0.0,0.0,973.0,0.0,0.0,2314.0,0.0,0.0,0.362020377194884,0.21916600875420736
483,1997,彰化縣,2860.0,0.0,0.0,6256.0,0.0,0.0,72.0,0.0,0.0,78.0,0.0,0.0,781.0,0.0,0.0,1875.0,0.0,0.0,2007.0,0.0,0.0,4303.0,0.0,0.0,0.9512469317297394,0.48206734147875085
484,1997,南投縣,1712.0,0.0,0.0,4351.0,0.0,0.0,254.0,0.0,0.0,274.0,0.0,0.0,791.0,0.0,0.0,1771.0,0.0,0.0,667.0,0.0,0.0,2306.0,0.0,0.0,1.2077601410934744,0.7958559155086729
485,1997,雲林縣,2248.0,0.0,0.0,5473.0,0.0,0.0,85.0,0.0,0.0,93.0,0.0,0.0,786.0,0.0,0.0,1817.0,0.0,0.0,1377.0,0.0,0.0,3563.0,0.0,0.0,1.1746509489173147,0.727876762338196
486,1997,嘉義縣,1576.0,0.0,0.0,3647.0,0.0,0.0,116.0,0.0,0.0,118.0,0.0,0.0,434.0,0.0,0.0,884.0,0.0,0.0,1026.0,0.0,0.0,2645.0,0.0,0.0,1.0695114585666103,0.6424224275359128
487,1997,臺南縣,2028.0,0.0,0.0,4081.0,0.0,0.0,325.0,0.0,0.0,357.0,0.0,0.0,1006.0,0.0,0.0,1884.0,0.0,0.0,697.0,0.0,0.0,1840.0,0.0,0.0,0.6610040220856176,0.3722687596180072
488,1997,高雄縣,2389.0,0.0,0.0,7296.0,0.0,0.0,323.0,0.0,0.0,485.0,0.0,0.0,1066.0,0.0,0.0,2826.0,0.0,0.0,1000.0,0.0,0.0,3985.0,0.0,0.0,0.6710466811418748,0.5945434988102611
489,1997,屏東縣,3986.0,0.0,0.0,9187.0,0.0,0.0,423.0,0.0,0.0,470.0,0.0,0.0,1390.0,0.0,0.0,3151.0,0.0,0.0,2173.0,0.0,0.0,5566.0,0.0,0.0,1.6716643251064187,1.005401832420625
490,1997,臺東縣,2185.0,0.0,0.0,5802.0,0.0,0.0,467.0,0.0,0.0,550.0,0.0,0.0,704.0,0.0,0.0,1901.0,0.0,0.0,1014.0,0.0,0.0,3351.0,0.0,0.0,3.102327100282546,2.2932625038537244
491,1997,花蓮縣,1730.0,0.0,0.0,4605.0,0.0,0.0,141.0,0.0,0.0,154.0,0.0,0.0,634.0,0.0,0.0,1671.0,0.0,0.0,955.0,0.0,0.0,2780.0,0.0,0.0,1.7145009117577104,1.2860362436012365
492,1997,澎湖縣,976.0,0.0,0.0,2214.0,0.0,0.0,462.0,0.0,0.0,657.0,0.0,0.0,228.0,0.0,0.0,730.0,0.0,0.0,286.0,0.0,0.0,827.0,0.0,0.0,3.721639656816015,2.4284570413188695
493,1997,基隆市,650.0,0.0,0.0,1323.0,0.0,0.0,8.0,0.0,0.0,12.0,0.0,0.0,346.0,0.0,0.0,588.0,0.0,0.0,296.0,0.0,0.0,723.0,0.0,0.0,0.5517171134160626,0.3487360624192741
494,1997,新竹市,291.0,0.0,0.0,543.0,0.0,0.0,24.0,0.0,0.0,25.0,0.0,0.0,130.0,0.0,0.0,202.0,0.0,0.0,137.0,0.0,0.0,316.0,0.0,0.0,0.2881644616969025,0.15434906196702672
495,1997,臺中市,526.0,0.0,0.0,1180.0,0.0,0.0,51.0,0.0,0.0,54.0,0.0,0.0,176.0,0.0,0.0,429.0,0.0,0.0,299.0,0.0,0.0,697.0,0.0,0.0,0.19027843595466598,0.13082605567203018
496,1997,嘉義市,538.0,0.0,0.0,1209.0,0.0,0.0,91.0,0.0,0.0,93.0,0.0,0.0,236.0,0.0,0.0,540.0,0.0,0.0,211.0,0.0,0.0,576.0,0.0,0.0,0.7065652784891585,0.4600071531302555
497,1997,臺南市,987.0,0.0,0.0,2297.0,0.0,0.0,65.0,0.0,0.0,75.0,0.0,0.0,342.0,0.0,0.0,643.0,0.0,0.0,580.0,0.0,0.0,1579.0,0.0,0.0,0.45998117199660726,0.3200006686996995
498,1997,臺 北 市,6686.0,0.0,0.0,14721.0,0.0,0.0,1371.0,0.0,0.0,1632.0,0.0,0.0,2552.0,0.0,0.0,6422.0,0.0,0.0,2763.0,0.0,0.0,6667.0,0.0,0.0,0.7827829890461897,0.5665206717893795
499,1997,高 雄 市,5440.0,0.0,0.0,11814.0,0.0,0.0,416.0,0.0,0.0,491.0,0.0,0.0,2296.0,0.0,0.0,4622.0,0.0,0.0,2728.0,0.0,0.0,6701.0,0.0,0.0,1.1998791298229516,0.8226206043692058
500,1997,金門縣,549.0,0.0,0.0,1376.0,0.0,0.0,182.0,0.0,0.0,375.0,0.0,0.0,354.0,0.0,0.0,965.0,0.0,0.0,13.0,0.0,0.0,36.0,0.0,0.0,3.0973201692524683,2.6938136256851997
501,1997,連江縣,37.0,0.0,0.0,40.0,0.0,0.0,26.0,0.0,0.0,29.0,0.0,0.0,8.0,0.0,0.0,8.0,0.0,0.0,3.0,0.0,0.0,3.0,0.0,0.0,2.5135869565217392,0.4751158094785604
502,1996,全國,49307.0,0.0,0.0,115542.0,0.0,0.0,7855.0,0.0,0.0,9533.0,0.0,0.0,17884.0,0.0,0.0,42738.0,0.0,0.0,23568.0,0.0,0.0,63271.0,0.0,0.0,0.82,0.54
503,1996,臺北縣,5547.0,0.0,0.0,12474.0,0.0,0.0,1134.0,0.0,0.0,1337.0,0.0,0.0,1706.0,0.0,0.0,3760.0,0.0,0.0,2707.0,0.0,0.0,7377.0,0.0,0.0,0.56,0.37
504,1996,宜蘭縣,1339.0,0.0,0.0,3581.0,0.0,0.0,136.0,0.0,0.0,145.0,0.0,0.0,403.0,0.0,0.0,1182.0,0.0,0.0,800.0,0.0,0.0,2254.0,0.0,0.0,1.12,0.77
505,1996,桃園縣,2708.0,0.0,0.0,6381.0,0.0,0.0,464.0,0.0,0.0,545.0,0.0,0.0,1049.0,0.0,0.0,2586.0,0.0,0.0,1195.0,0.0,0.0,3250.0,0.0,0.0,0.63,0.41
506,1996,新竹縣,469.0,0.0,0.0,1032.0,0.0,0.0,68.0,0.0,0.0,78.0,0.0,0.0,209.0,0.0,0.0,449.0,0.0,0.0,192.0,0.0,0.0,505.0,0.0,0.0,0.47,0.25
507,1996,苗栗縣,1330.0,0.0,0.0,3386.0,0.0,0.0,358.0,0.0,0.0,473.0,0.0,0.0,464.0,0.0,0.0,1304.0,0.0,0.0,508.0,0.0,0.0,1609.0,0.0,0.0,0.99,0.6
508,1996,臺中縣,1347.0,0.0,0.0,3315.0,0.0,0.0,52.0,0.0,0.0,58.0,0.0,0.0,433.0,0.0,0.0,1123.0,0.0,0.0,862.0,0.0,0.0,2134.0,0.0,0.0,0.38,0.23
509,1996,彰化縣,2541.0,0.0,0.0,5685.0,0.0,0.0,99.0,0.0,0.0,107.0,0.0,0.0,679.0,0.0,0.0,1626.0,0.0,0.0,1763.0,0.0,0.0,3952.0,0.0,0.0,0.86,0.44
510,1996,南投縣,1654.0,0.0,0.0,4291.0,0.0,0.0,426.0,0.0,0.0,489.0,0.0,0.0,725.0,0.0,0.0,1909.0,0.0,0.0,503.0,0.0,0.0,1893.0,0.0,0.0,1.19,0.79
511,1996,雲林縣,2270.0,0.0,0.0,6053.0,0.0,0.0,126.0,0.0,0.0,145.0,0.0,0.0,830.0,0.0,0.0,2063.0,0.0,0.0,1314.0,0.0,0.0,3845.0,0.0,0.0,1.21,0.8
512,1996,嘉義縣,1600.0,0.0,0.0,3951.0,0.0,0.0,139.0,0.0,0.0,145.0,0.0,0.0,445.0,0.0,0.0,945.0,0.0,0.0,1016.0,0.0,0.0,2861.0,0.0,0.0,1.11,0.7
513,1996,臺南縣,1948.0,0.0,0.0,4041.0,0.0,0.0,416.0,0.0,0.0,452.0,0.0,0.0,847.0,0.0,0.0,1674.0,0.0,0.0,685.0,0.0,0.0,1915.0,0.0,0.0,0.65,0.37
514,1996,高雄縣,2451.0,0.0,0.0,6259.0,0.0,0.0,409.0,0.0,0.0,495.0,0.0,0.0,1041.0,0.0,0.0,2524.0,0.0,0.0,1001.0,0.0,0.0,3240.0,0.0,0.0,0.72,0.52
515,1996,屏東縣,3927.0,0.0,0.0,8900.0,0.0,0.0,437.0,0.0,0.0,481.0,0.0,0.0,1320.0,0.0,0.0,3122.0,0.0,0.0,2170.0,0.0,0.0,5297.0,0.0,0.0,1.68,0.97
516,1996,臺東縣,2026.0,0.0,0.0,5443.0,0.0,0.0,455.0,0.0,0.0,561.0,0.0,0.0,663.0,0.0,0.0,1851.0,0.0,0.0,908.0,0.0,0.0,3031.0,0.0,0.0,2.94,2.14
517,1996,花蓮縣,1559.0,0.0,0.0,4111.0,0.0,0.0,170.0,0.0,0.0,189.0,0.0,0.0,573.0,0.0,0.0,1526.0,0.0,0.0,816.0,0.0,0.0,2396.0,0.0,0.0,1.58,1.15
518,1996,澎湖縣,997.0,0.0,0.0,2348.0,0.0,0.0,516.0,0.0,0.0,784.0,0.0,0.0,228.0,0.0,0.0,803.0,0.0,0.0,253.0,0.0,0.0,761.0,0.0,0.0,3.89,2.61
519,1996,基隆市,684.0,0.0,0.0,1351.0,0.0,0.0,7.0,0.0,0.0,9.0,0.0,0.0,375.0,0.0,0.0,623.0,0.0,0.0,302.0,0.0,0.0,719.0,0.0,0.0,0.61,0.36
520,1996,新竹市,261.0,0.0,0.0,456.0,0.0,0.0,34.0,0.0,0.0,36.0,0.0,0.0,96.0,0.0,0.0,147.0,0.0,0.0,131.0,0.0,0.0,273.0,0.0,0.0,0.27,0.13
521,1996,臺中市,480.0,0.0,0.0,1074.0,0.0,0.0,56.0,0.0,0.0,59.0,0.0,0.0,139.0,0.0,0.0,339.0,0.0,0.0,285.0,0.0,0.0,676.0,0.0,0.0,0.18,0.12
522,1996,嘉義市,472.0,0.0,0.0,1066.0,0.0,0.0,95.0,0.0,0.0,103.0,0.0,0.0,208.0,0.0,0.0,434.0,0.0,0.0,169.0,0.0,0.0,529.0,0.0,0.0,0.64,0.41
523,1996,臺南市,1279.0,0.0,0.0,3030.0,0.0,0.0,90.0,0.0,0.0,99.0,0.0,0.0,372.0,0.0,0.0,752.0,0.0,0.0,817.0,0.0,0.0,2179.0,0.0,0.0,0.61,0.43
524,1996,臺 北 市,6795.0,0.0,0.0,15142.0,0.0,0.0,1485.0,0.0,0.0,1797.0,0.0,0.0,2636.0,0.0,0.0,6865.0,0.0,0.0,2674.0,0.0,0.0,6480.0,0.0,0.0,0.8,0.58
525,1996,高 雄 市,5049.0,0.0,0.0,10918.0,0.0,0.0,461.0,0.0,0.0,548.0,0.0,0.0,2098.0,0.0,0.0,4290.0,0.0,0.0,2490.0,0.0,0.0,6080.0,0.0,0.0,1.14,0.76
526,1996,金門縣,528.0,0.0,0.0,1207.0,0.0,0.0,191.0,0.0,0.0,366.0,0.0,0.0,334.0,0.0,0.0,830.0,0.0,0.0,3.0,0.0,0.0,11.0,0.0,0.0,4.1,2.52
527,1996,連江縣,46.0,0.0,0.0,47.0,0.0,0.0,31.0,0.0,0.0,32.0,0.0,0.0,11.0,0.0,0.0,11.0,0.0,0.0,4.0,0.0,0.0,4.0,0.0,0.0,3.19,0.78
528,1995,全國,48580.0,0.0,0.0,114707.0,0.0,0.0,8755.0,0.0,0.0,10794.0,0.0,0.0,17160.0,0.0,0.0,42824.0,0.0,0.0,22665.0,0.0,0.0,61089.0,0.0,0.0,0.83,0.54
529,1995,臺北縣,5866.0,0.0,0.0,13873.0,0.0,0.0,1354.0,0.0,0.0,1656.0,0.0,0.0,1739.0,0.0,0.0,4286.0,0.0,0.0,2773.0,0.0,0.0,7931.0,0.0,0.0,0.62,0.42
530,1995,宜蘭縣,1231.0,0.0,0.0,3241.0,0.0,0.0,177.0,0.0,0.0,194.0,0.0,0.0,326.0,0.0,0.0,938.0,0.0,0.0,728.0,0.0,0.0,2109.0,0.0,0.0,1.06,0.7
531,1995,桃園縣,2625.0,0.0,0.0,6357.0,0.0,0.0,555.0,0.0,0.0,707.0,0.0,0.0,892.0,0.0,0.0,2509.0,0.0,0.0,1178.0,0.0,0.0,3141.0,0.0,0.0,0.65,0.42
532,1995,新竹縣,519.0,0.0,0.0,1152.0,0.0,0.0,93.0,0.0,0.0,105.0,0.0,0.0,236.0,0.0,0.0,512.0,0.0,0.0,190.0,0.0,0.0,535.0,0.0,0.0,0.54,0.28
533,1995,苗栗縣,1487.0,0.0,0.0,3658.0,0.0,0.0,441.0,0.0,0.0,575.0,0.0,0.0,578.0,0.0,0.0,1674.0,0.0,0.0,468.0,0.0,0.0,1409.0,0.0,0.0,1.14,0.65
534,1995,臺中縣,1295.0,0.0,0.0,3310.0,0.0,0.0,75.0,0.0,0.0,97.0,0.0,0.0,410.0,0.0,0.0,1103.0,0.0,0.0,810.0,0.0,0.0,2110.0,0.0,0.0,0.38,0.24
535,1995,彰化縣,2330.0,0.0,0.0,5391.0,0.0,0.0,142.0,0.0,0.0,152.0,0.0,0.0,554.0,0.0,0.0,1449.0,0.0,0.0,1634.0,0.0,0.0,3790.0,0.0,0.0,0.81,0.42
536,1995,南投縣,1534.0,0.0,0.0,4079.0,0.0,0.0,419.0,0.0,0.0,509.0,0.0,0.0,637.0,0.0,0.0,1835.0,0.0,0.0,478.0,0.0,0.0,1735.0,0.0,0.0,1.13,0.75
537,1995,雲林縣,2483.0,0.0,0.0,7079.0,0.0,0.0,168.0,0.0,0.0,190.0,0.0,0.0,1018.0,0.0,0.0,2684.0,0.0,0.0,1297.0,0.0,0.0,4205.0,0.0,0.0,1.35,0.94
538,1995,嘉義縣,1515.0,0.0,0.0,3668.0,0.0,0.0,150.0,0.0,0.0,158.0,0.0,0.0,404.0,0.0,0.0,853.0,0.0,0.0,961.0,0.0,0.0,2657.0,0.0,0.0,1.07,0.65
539,1995,臺南縣,1905.0,0.0,0.0,3958.0,0.0,0.0,492.0,0.0,0.0,548.0,0.0,0.0,733.0,0.0,0.0,1482.0,0.0,0.0,680.0,0.0,0.0,1928.0,0.0,0.0,0.66,0.37
540,1995,高雄縣,2392.0,0.0,0.0,5097.0,0.0,0.0,449.0,0.0,0.0,491.0,0.0,0.0,924.0,0.0,0.0,2090.0,0.0,0.0,1019.0,0.0,0.0,2516.0,0.0,0.0,0.74,0.43
541,1995,屏東縣,4083.0,0.0,0.0,9828.0,0.0,0.0,593.0,0.0,0.0,680.0,0.0,0.0,1487.0,0.0,0.0,3926.0,0.0,0.0,2003.0,0.0,0.0,5222.0,0.0,0.0,1.78,1.08
542,1995,臺東縣,1877.0,0.0,0.0,4994.0,0.0,0.0,503.0,0.0,0.0,659.0,0.0,0.0,621.0,0.0,0.0,1909.0,0.0,0.0,753.0,0.0,0.0,2426.0,0.0,0.0,2.78,1.96
543,1995,花蓮縣,1489.0,0.0,0.0,3926.0,0.0,0.0,196.0,0.0,0.0,222.0,0.0,0.0,522.0,0.0,0.0,1440.0,0.0,0.0,771.0,0.0,0.0,2264.0,0.0,0.0,1.54,1.09
544,1995,澎湖縣,1002.0,0.0,0.0,2241.0,0.0,0.0,500.0,0.0,0.0,741.0,0.0,0.0,190.0,0.0,0.0,704.0,0.0,0.0,312.0,0.0,0.0,796.0,0.0,0.0,4.02,2.46
545,1995,基隆市,757.0,0.0,0.0,1486.0,0.0,0.0,10.0,0.0,0.0,13.0,0.0,0.0,390.0,0.0,0.0,640.0,0.0,0.0,357.0,0.0,0.0,833.0,0.0,0.0,0.72,0.4
546,1995,新竹市,243.0,0.0,0.0,438.0,0.0,0.0,28.0,0.0,0.0,30.0,0.0,0.0,96.0,0.0,0.0,149.0,0.0,0.0,119.0,0.0,0.0,259.0,0.0,0.0,0.26,0.13
547,1995,臺中市,492.0,0.0,0.0,1108.0,0.0,0.0,72.0,0.0,0.0,73.0,0.0,0.0,126.0,0.0,0.0,326.0,0.0,0.0,294.0,0.0,0.0,709.0,0.0,0.0,0.2,0.13
548,1995,嘉義市,521.0,0.0,0.0,1204.0,0.0,0.0,101.0,0.0,0.0,106.0,0.0,0.0,190.0,0.0,0.0,403.0,0.0,0.0,230.0,0.0,0.0,695.0,0.0,0.0,0.72,0.46
549,1995,臺南市,1296.0,0.0,0.0,3170.0,0.0,0.0,106.0,0.0,0.0,121.0,0.0,0.0,423.0,0.0,0.0,979.0,0.0,0.0,767.0,0.0,0.0,2070.0,0.0,0.0,0.64,0.45
550,1995,臺 北 市,6544.0,0.0,0.0,14543.0,0.0,0.0,1452.0,0.0,0.0,1807.0,0.0,0.0,2474.0,0.0,0.0,6460.0,0.0,0.0,2618.0,0.0,0.0,6276.0,0.0,0.0,0.78,0.55
551,1995,高 雄 市,4557.0,0.0,0.0,9725.0,0.0,0.0,464.0,0.0,0.0,574.0,0.0,0.0,1872.0,0.0,0.0,3682.0,0.0,0.0,2221.0,0.0,0.0,5469.0,0.0,0.0,1.07,0.68
552,1995,金門縣,488.0,0.0,0.0,1129.0,0.0,0.0,179.0,0.0,0.0,347.0,0.0,0.0,309.0,0.0,0.0,782.0,0.0,0.0,0.0,0.0,0.0,0.0,0.0,0.0,3.91,2.38
553,1995,連江縣,49.0,0.0,0.0,52.0,0.0,0.0,36.0,0.0,0.0,39.0,0.0,0.0,9.0,0.0,0.0,9.0,0.0,0.0,4.0,0.0,0.0,4.0,0.0,0.0,3.56,0.89
554,1994,全國,48182.0,0.0,0.0,115748.0,0.0,0.0,9983.0,0.0,0.0,12336.0,0.0,0.0,16114.0,0.0,0.0,44204.0,0.0,0.0,22085.0,0.0,0.0,59208.0,0.0,0.0,0.85,0.55
555,1994,臺北縣,5841.0,0.0,0.0,14297.0,0.0,0.0,1709.0,0.0,0.0,2120.0,0.0,0.0,1656.0,0.0,0.0,4764.0,0.0,0.0,2476.0,0.0,0.0,7413.0,0.0,0.0,0.64,0.44
556,1994,宜蘭縣,1243.0,0.0,0.0,3330.0,0.0,0.0,203.0,0.0,0.0,224.0,0.0,0.0,388.0,0.0,0.0,1280.0,0.0,0.0,652.0,0.0,0.0,1826.0,0.0,0.0,1.11,0.72
557,1994,桃園縣,2543.0,0.0,0.0,6290.0,0.0,0.0,287.0,0.0,0.0,351.0,0.0,0.0,863.0,0.0,0.0,2514.0,0.0,0.0,1393.0,0.0,0.0,3425.0,0.0,0.0,0.67,0.42
558,1994,新竹縣,475.0,0.0,0.0,1095.0,0.0,0.0,82.0,0.0,0.0,86.0,0.0,0.0,188.0,0.0,0.0,433.0,0.0,0.0,205.0,0.0,0.0,576.0,0.0,0.0,0.51,0.27
559,1994,苗栗縣,1488.0,0.0,0.0,4056.0,0.0,0.0,470.0,0.0,0.0,621.0,0.0,0.0,591.0,0.0,0.0,2081.0,0.0,0.0,427.0,0.0,0.0,1354.0,0.0,0.0,1.18,0.73
560,1994,臺中縣,1205.0,0.0,0.0,3121.0,0.0,0.0,70.0,0.0,0.0,93.0,0.0,0.0,395.0,0.0,0.0,1147.0,0.0,0.0,740.0,0.0,0.0,1881.0,0.0,0.0,0.36,0.23
561,1994,彰化縣,2354.0,0.0,0.0,5638.0,0.0,0.0,220.0,0.0,0.0,243.0,0.0,0.0,613.0,0.0,0.0,1895.0,0.0,0.0,1521.0,0.0,0.0,3500.0,0.0,0.0,0.83,0.44
562,1994,南投縣,1680.0,0.0,0.0,4609.0,0.0,0.0,385.0,0.0,0.0,435.0,0.0,0.0,641.0,0.0,0.0,1860.0,0.0,0.0,654.0,0.0,0.0,2314.0,0.0,0.0,1.24,0.84
563,1994,雲林縣,2410.0,0.0,0.0,7172.0,0.0,0.0,175.0,0.0,0.0,200.0,0.0,0.0,891.0,0.0,0.0,2599.0,0.0,0.0,1344.0,0.0,0.0,4373.0,0.0,0.0,1.33,0.95
564,1994,嘉義縣,1381.0,0.0,0.0,3431.0,0.0,0.0,161.0,0.0,0.0,165.0,0.0,0.0,301.0,0.0,0.0,636.0,0.0,0.0,919.0,0.0,0.0,2630.0,0.0,0.0,1.0,0.61
565,1994,臺南縣,2403.0,0.0,0.0,5608.0,0.0,0.0,823.0,0.0,0.0,974.0,0.0,0.0,787.0,0.0,0.0,2145.0,0.0,0.0,793.0,0.0,0.0,2489.0,0.0,0.0,0.86,0.52
566,1994,高雄縣,2158.0,0.0,0.0,4909.0,0.0,0.0,462.0,0.0,0.0,520.0,0.0,0.0,861.0,0.0,0.0,2162.0,0.0,0.0,835.0,0.0,0.0,2227.0,0.0,0.0,0.69,0.42
567,1994,屏東縣,3934.0,0.0,0.0,9315.0,0.0,0.0,783.0,0.0,0.0,884.0,0.0,0.0,1406.0,0.0,0.0,3907.0,0.0,0.0,1745.0,0.0,0.0,4524.0,0.0,0.0,1.76,1.02
568,1994,臺東縣,1705.0,0.0,0.0,4170.0,0.0,0.0,500.0,0.0,0.0,659.0,0.0,0.0,444.0,0.0,0.0,1511.0,0.0,0.0,761.0,0.0,0.0,2000.0,0.0,0.0,2.59,1.64
569,1994,花蓮縣,1525.0,0.0,0.0,4215.0,0.0,0.0,276.0,0.0,0.0,309.0,0.0,0.0,504.0,0.0,0.0,1654.0,0.0,0.0,745.0,0.0,0.0,2252.0,0.0,0.0,1.62,1.18
570,1994,澎湖縣,976.0,0.0,0.0,2203.0,0.0,0.0,466.0,0.0,0.0,648.0,0.0,0.0,203.0,0.0,0.0,809.0,0.0,0.0,307.0,0.0,0.0,746.0,0.0,0.0,3.99,2.38
571,1994,基隆市,971.0,0.0,0.0,2144.0,0.0,0.0,25.0,0.0,0.0,36.0,0.0,0.0,470.0,0.0,0.0,840.0,0.0,0.0,476.0,0.0,0.0,1268.0,0.0,0.0,0.96,0.59
572,1994,新竹市,376.0,0.0,0.0,816.0,0.0,0.0,48.0,0.0,0.0,53.0,0.0,0.0,140.0,0.0,0.0,328.0,0.0,0.0,188.0,0.0,0.0,435.0,0.0,0.0,0.42,0.24
573,1994,臺中市,571.0,0.0,0.0,1354.0,0.0,0.0,91.0,0.0,0.0,96.0,0.0,0.0,127.0,0.0,0.0,386.0,0.0,0.0,353.0,0.0,0.0,872.0,0.0,0.0,0.24,0.16
574,1994,嘉義市,579.0,0.0,0.0,1410.0,0.0,0.0,151.0,0.0,0.0,169.0,0.0,0.0,243.0,0.0,0.0,647.0,0.0,0.0,185.0,0.0,0.0,594.0,0.0,0.0,0.83,0.54
575,1994,臺南市,1137.0,0.0,0.0,2857.0,0.0,0.0,112.0,0.0,0.0,129.0,0.0,0.0,336.0,0.0,0.0,824.0,0.0,0.0,689.0,0.0,0.0,1904.0,0.0,0.0,0.58,0.41
576,1994,臺 北 市,6324.0,0.0,0.0,13392.0,0.0,0.0,1789.0,0.0,0.0,2360.0,0.0,0.0,2174.0,0.0,0.0,5840.0,0.0,0.0,2361.0,0.0,0.0,5192.0,0.0,0.0,0.76,0.5
577,1994,高 雄 市,4446.0,0.0,0.0,9356.0,0.0,0.0,478.0,0.0,0.0,589.0,0.0,0.0,1660.0,0.0,0.0,3362.0,0.0,0.0,2308.0,0.0,0.0,5405.0,0.0,0.0,1.08,0.66
578,1994,金門縣,0.0,0.0,0.0,0.0,0.0,0.0,0.0,0.0,0.0,0.0,0.0,0.0,0.0,0.0,0.0,0.0,0.0,0.0,0.0,0.0,0.0,0.0,0.0,0.0,0.0,0.0
579,1994,連江縣,0.0,0.0,0.0,0.0,0.0,0.0,0.0,0.0,0.0,0.0,0.0,0.0,0.0,0.0,0.0,0.0,0.0,0.0,0.0,0.0,0.0,0.0,0.0,0.0,0.0,0.0
580,1993,全國,46279.0,0.0,0.0,117603.0,0.0,0.0,11649.0,0.0,0.0,14636.0,0.0,0.0,15266.0,0.0,0.0,46369.0,0.0,0.0,19364.0,0.0,0.0,56598.0,0.0,0.0,0.84,0.56
581,1993,臺北縣,5214.0,0.0,0.0,13808.0,0.0,0.0,1979.0,0.0,0.0,2576.0,0.0,0.0,1636.0,0.0,0.0,5729.0,0.0,0.0,1599.0,0.0,0.0,5503.0,0.0,0.0,0.59,0.43
582,1993,宜蘭縣,1371.0,0.0,0.0,4004.0,0.0,0.0,240.0,0.0,0.0,279.0,0.0,0.0,501.0,0.0,0.0,1767.0,0.0,0.0,630.0,0.0,0.0,1958.0,0.0,0.0,1.26,0.87
583,1993,桃園縣,2569.0,0.0,0.0,7005.0,0.0,0.0,517.0,0.0,0.0,679.0,0.0,0.0,893.0,0.0,0.0,3010.0,0.0,0.0,1159.0,0.0,0.0,3316.0,0.0,0.0,0.71,0.48
584,1993,新竹縣,502.0,0.0,0.0,1210.0,0.0,0.0,122.0,0.0,0.0,136.0,0.0,0.0,204.0,0.0,0.0,526.0,0.0,0.0,176.0,0.0,0.0,548.0,0.0,0.0,0.57,0.31
585,1993,苗栗縣,1284.0,0.0,0.0,3636.0,0.0,0.0,439.0,0.0,0.0,648.0,0.0,0.0,482.0,0.0,0.0,1794.0,0.0,0.0,363.0,0.0,0.0,1194.0,0.0,0.0,1.04,0.65
586,1993,臺中縣,1363.0,0.0,0.0,3767.0,0.0,0.0,155.0,0.0,0.0,187.0,0.0,0.0,441.0,0.0,0.0,1297.0,0.0,0.0,767.0,0.0,0.0,2283.0,0.0,0.0,0.42,0.28
587,1993,彰化縣,2835.0,0.0,0.0,7296.0,0.0,0.0,375.0,0.0,0.0,429.0,0.0,0.0,731.0,0.0,0.0,2626.0,0.0,0.0,1729.0,0.0,0.0,4241.0,0.0,0.0,1.02,0.57
588,1993,南投縣,1618.0,0.0,0.0,4918.0,0.0,0.0,393.0,0.0,0.0,487.0,0.0,0.0,622.0,0.0,0.0,2150.0,0.0,0.0,603.0,0.0,0.0,2281.0,0.0,0.0,1.22,0.9
589,1993,雲林縣,2325.0,0.0,0.0,7293.0,0.0,0.0,219.0,0.0,0.0,256.0,0.0,0.0,835.0,0.0,0.0,2532.0,0.0,0.0,1271.0,0.0,0.0,4505.0,0.0,0.0,1.3,0.96
590,1993,嘉義縣,1372.0,0.0,0.0,3830.0,0.0,0.0,192.0,0.0,0.0,208.0,0.0,0.0,280.0,0.0,0.0,683.0,0.0,0.0,900.0,0.0,0.0,2939.0,0.0,0.0,1.01,0.68
591,1993,臺南縣,1877.0,0.0,0.0,4544.0,0.0,0.0,742.0,0.0,0.0,882.0,0.0,0.0,543.0,0.0,0.0,1676.0,0.0,0.0,592.0,0.0,0.0,1986.0,0.0,0.0,0.69,0.43
592,1993,高雄縣,2597.0,0.0,0.0,6227.0,0.0,0.0,852.0,0.0,0.0,1021.0,0.0,0.0,878.0,0.0,0.0,2733.0,0.0,0.0,867.0,0.0,0.0,2473.0,0.0,0.0,0.86,0.53
593,1993,屏東縣,3778.0,0.0,0.0,9213.0,0.0,0.0,1121.0,0.0,0.0,1287.0,0.0,0.0,1251.0,0.0,0.0,3879.0,0.0,0.0,1406.0,0.0,0.0,4047.0,0.0,0.0,1.72,1.02
594,1993,臺東縣,1655.0,0.0,0.0,4496.0,0.0,0.0,578.0,0.0,0.0,763.0,0.0,0.0,444.0,0.0,0.0,1600.0,0.0,0.0,633.0,0.0,0.0,2133.0,0.0,0.0,2.55,1.76
595,1993,花蓮縣,1448.0,0.0,0.0,3825.0,0.0,0.0,369.0,0.0,0.0,424.0,0.0,0.0,434.0,0.0,0.0,1419.0,0.0,0.0,645.0,0.0,0.0,1982.0,0.0,0.0,1.57,1.07
596,1993,澎湖縣,856.0,0.0,0.0,2098.0,0.0,0.0,439.0,0.0,0.0,669.0,0.0,0.0,189.0,0.0,0.0,780.0,0.0,0.0,228.0,0.0,0.0,649.0,0.0,0.0,3.55,2.2
597,1993,基隆市,1175.0,0.0,0.0,2637.0,0.0,0.0,42.0,0.0,0.0,68.0,0.0,0.0,703.0,0.0,0.0,1296.0,0.0,0.0,430.0,0.0,0.0,1273.0,0.0,0.0,1.2,0.73
598,1993,新竹市,405.0,0.0,0.0,1030.0,0.0,0.0,111.0,0.0,0.0,131.0,0.0,0.0,163.0,0.0,0.0,535.0,0.0,0.0,131.0,0.0,0.0,364.0,0.0,0.0,0.47,0.31
599,1993,臺中市,648.0,0.0,0.0,1645.0,0.0,0.0,118.0,0.0,0.0,130.0,0.0,0.0,131.0,0.0,0.0,464.0,0.0,0.0,399.0,0.0,0.0,1051.0,0.0,0.0,0.29,0.2
600,1993,嘉義市,630.0,0.0,0.0,1561.0,0.0,0.0,184.0,0.0,0.0,208.0,0.0,0.0,260.0,0.0,0.0,792.0,0.0,0.0,186.0,0.0,0.0,561.0,0.0,0.0,0.94,0.6
601,1993,臺南市,988.0,0.0,0.0,2556.0,0.0,0.0,122.0,0.0,0.0,142.0,0.0,0.0,288.0,0.0,0.0,778.0,0.0,0.0,578.0,0.0,0.0,1636.0,0.0,0.0,0.51,0.36
602,1993,臺 北 市,5800.0,0.0,0.0,12633.0,0.0,0.0,1853.0,0.0,0.0,2456.0,0.0,0.0,1879.0,0.0,0.0,5297.0,0.0,0.0,2068.0,0.0,0.0,4880.0,0.0,0.0,0.7,0.48
603,1993,高 雄 市,3969.0,0.0,0.0,8371.0,0.0,0.0,487.0,0.0,0.0,570.0,0.0,0.0,1478.0,0.0,0.0,3006.0,0.0,0.0,2004.0,0.0,0.0,4795.0,0.0,0.0,0.99,0.6
604,1993,金門縣,0.0,0.0,0.0,0.0,0.0,0.0,0.0,0.0,0.0,0.0,0.0,0.0,0.0,0.0,0.0,0.0,0.0,0.0,0.0,0.0,0.0,0.0,0.0,0.0,0.0,0.0
605,1993,連江縣,0.0,0.0,0.0,0.0,0.0,0.0,0.0,0.0,0.0,0.0,0.0,0.0,0.0,0.0,0.0,0.0,0.0,0.0,0.0,0.0,0.0,0.0,0.0,0.0,0.0,0.0
